loan_id,cust_id,employee_id,amt,balance,interest,loan_type_id
1,1608,1598,39000.00,11367.00,9.00,2
2,5754,1531,27000.00,23073.00,3.20,1
3,154,3897,43000.00,22892.00,2.00,2
4,980,478,42000.00,13723.00,4.00,3
5,4049,3000,11000.00,21382.00,2.10,3
6,2885,3514,12000.00,44879.00,7.00,3
7,4911,2585,44000.00,31808.00,1.90,3
8,3387,3384,33000.00,46971.00,6.80,2
9,1607,1594,39000.00,31583.00,6.00,2
10,7535,3376,18000.00,27798.00,9.00,1
11,4400,1902,20000.00,2221.00,5.80,1
12,4164,1885,13000.00,7084.00,1.00,1
13,9158,1154,38000.00,28957.00,3.40,3
14,6514,461,49000.00,13257.00,5.20,1
15,3911,1261,32000.00,14587.00,8.30,3
16,6222,4060,49000.00,48350.00,3.20,1
17,9584,319,15000.00,22686.00,6.40,1
18,350,3558,46000.00,16554.00,6.10,2
19,7761,3264,46000.00,28870.00,6.20,1
20,645,1404,26000.00,22316.00,6.80,3
21,4369,1012,37000.00,1580.00,9.90,2
22,5981,442,50000.00,19542.00,3.40,3
23,3306,3606,31000.00,25357.00,3.30,2
24,2935,304,30000.00,14987.00,5.50,2
25,6772,4775,25000.00,46952.00,6.70,1
26,11,3450,46000.00,18423.00,1.30,3
27,59,2424,26000.00,45405.00,6.40,2
28,6923,2828,48000.00,42691.00,3.50,1
29,6730,400,19000.00,3616.00,8.30,2
30,7946,3063,22000.00,7906.00,7.20,2
31,7368,520,33000.00,1158.00,3.30,2
32,5308,2735,21000.00,39833.00,7.90,1
33,229,826,16000.00,48246.00,8.30,2
34,5432,1504,13000.00,43754.00,3.80,1
35,242,3316,33000.00,28608.00,6.50,2
36,1441,1991,31000.00,49108.00,6.20,2
37,5510,2904,49000.00,17650.00,2.60,1
38,8037,4806,44000.00,25297.00,8.10,2
39,9395,4606,39000.00,47209.00,8.30,2
40,9697,2636,38000.00,42440.00,6.40,1
41,5082,893,50000.00,4720.00,7.50,2
42,9998,1537,34000.00,13768.00,9.60,2
43,268,4423,32000.00,8611.00,6.30,1
44,440,1563,40000.00,34088.00,8.20,1
45,8449,148,27000.00,10308.00,9.60,1
46,2998,1456,33000.00,38886.00,3.30,1
47,1875,768,12000.00,38338.00,8.20,2
48,7864,1542,43000.00,38574.00,1.90,1
49,4631,3822,16000.00,43355.00,7.30,2
50,7857,4594,15000.00,31652.00,8.50,2
51,3574,3205,25000.00,21711.00,4.10,2
52,4972,3501,32000.00,29674.00,10.00,2
53,8102,4739,27000.00,34084.00,6.50,2
54,9152,4517,18000.00,13704.00,8.60,3
55,8104,3714,20000.00,20150.00,7.80,3
56,1833,3350,12000.00,14237.00,9.20,3
57,7210,1303,49000.00,30308.00,5.00,1
58,5968,3112,21000.00,47175.00,5.20,3
59,7754,3275,32000.00,36509.00,6.70,3
60,9707,3351,24000.00,43647.00,1.40,3
61,7156,4679,15000.00,41464.00,7.60,1
62,6397,4506,32000.00,23022.00,1.00,3
63,9411,2166,30000.00,44711.00,7.00,1
64,7760,4689,11000.00,559.00,3.90,2
65,6024,4030,33000.00,34439.00,9.80,2
66,9282,4645,39000.00,26436.00,4.30,2
67,2901,855,43000.00,8256.00,5.40,2
68,1121,4448,41000.00,43017.00,8.60,3
69,3325,1903,44000.00,20724.00,7.40,1
70,5166,2524,36000.00,13481.00,2.90,3
71,8930,3151,45000.00,48785.00,7.70,1
72,3027,1497,41000.00,37814.00,5.70,1
73,813,4166,28000.00,26745.00,2.20,3
74,3022,974,45000.00,26693.00,4.40,2
75,4284,1938,24000.00,23885.00,1.60,1
76,6393,881,11000.00,33799.00,5.40,2
77,8454,4131,30000.00,6323.00,5.30,1
78,1474,4801,22000.00,14035.00,5.90,3
79,8778,1472,10000.00,42272.00,5.20,2
80,8779,3717,15000.00,28881.00,6.90,1
81,9658,2035,43000.00,26020.00,7.10,1
82,6630,3280,35000.00,37286.00,4.40,2
83,7482,361,45000.00,21312.00,8.80,2
84,1058,4718,44000.00,39822.00,8.80,1
85,2876,1569,26000.00,19338.00,2.90,2
86,8112,137,24000.00,9139.00,7.00,3
87,3551,4216,49000.00,15231.00,6.20,3
88,9944,3471,32000.00,30806.00,6.50,3
89,6460,4663,50000.00,1109.00,8.20,3
90,7047,641,37000.00,24285.00,3.40,2
91,9240,340,19000.00,35180.00,2.20,2
92,2324,1423,30000.00,32912.00,7.60,3
93,8501,1946,18000.00,281.00,3.40,1
94,4712,3634,38000.00,13261.00,6.80,3
95,401,233,37000.00,41014.00,6.90,2
96,6383,4131,23000.00,17471.00,6.60,1
97,4853,418,21000.00,541.00,3.20,2
98,3152,4171,31000.00,43022.00,10.00,3
99,3749,2931,13000.00,31338.00,5.20,1
100,6232,2415,26000.00,110.00,1.60,3
101,1406,1186,10000.00,36631.00,1.40,1
102,7088,3625,35000.00,460.00,3.90,2
103,2047,1525,46000.00,27191.00,4.30,3
104,5889,241,17000.00,12101.00,7.20,3
105,9768,3622,36000.00,42191.00,1.90,1
106,3753,4399,13000.00,29390.00,7.30,1
107,433,1021,40000.00,29663.00,8.30,1
108,9047,1472,50000.00,8461.00,1.70,2
109,9790,936,41000.00,44436.00,6.50,2
110,1519,4200,35000.00,32198.00,6.50,1
111,5102,3440,21000.00,40358.00,1.80,1
112,4330,3778,11000.00,39092.00,1.10,2
113,7325,3339,10000.00,15443.00,5.30,3
114,4126,261,36000.00,10307.00,1.30,1
115,1580,1728,15000.00,33892.00,9.90,1
116,6019,735,17000.00,45350.00,4.90,2
117,2044,3488,19000.00,14254.00,7.40,1
118,4327,3624,43000.00,7008.00,6.00,3
119,4859,853,31000.00,49037.00,1.70,3
120,9136,1701,21000.00,20680.00,4.40,2
121,1817,1440,44000.00,35592.00,7.70,3
122,6330,1980,49000.00,41833.00,9.10,3
123,3214,2029,45000.00,27435.00,4.70,1
124,2120,2639,32000.00,39682.00,4.30,2
125,8640,660,15000.00,14276.00,3.40,2
126,4944,3874,46000.00,2768.00,7.50,3
127,9685,4796,10000.00,7415.00,2.70,3
128,3337,2416,11000.00,47479.00,4.90,2
129,9285,171,17000.00,8095.00,8.90,3
130,2915,2127,36000.00,37571.00,5.40,2
131,5918,3335,29000.00,33404.00,9.10,3
132,2945,4412,19000.00,28330.00,7.30,2
133,7887,3087,19000.00,31053.00,7.30,2
134,2476,3900,43000.00,17801.00,8.60,2
135,9314,472,45000.00,18218.00,3.10,1
136,2154,3286,10000.00,31337.00,8.00,1
137,5168,851,42000.00,2704.00,2.00,1
138,8473,3609,49000.00,13637.00,6.50,1
139,5010,355,40000.00,23066.00,6.50,1
140,2602,1820,24000.00,28799.00,5.90,2
141,7248,1173,28000.00,39958.00,3.10,1
142,8769,1279,41000.00,6388.00,7.90,1
143,3219,957,42000.00,7581.00,2.20,1
144,2004,2373,21000.00,25143.00,9.80,2
145,4894,1982,14000.00,13781.00,9.80,3
146,9814,1843,24000.00,47263.00,9.80,3
147,4977,4406,16000.00,38135.00,5.00,3
148,7684,198,25000.00,17640.00,1.70,2
149,4652,1507,26000.00,6809.00,7.90,2
150,4601,1922,49000.00,18088.00,9.20,2
151,2300,301,17000.00,3298.00,4.00,1
152,9522,300,17000.00,27036.00,8.10,2
153,2233,2172,25000.00,24511.00,9.40,2
154,8741,2023,14000.00,23330.00,1.20,3
155,7291,3026,42000.00,181.00,5.40,3
156,9930,2309,38000.00,31828.00,8.30,1
157,7466,3657,21000.00,5205.00,8.60,1
158,8792,565,48000.00,41652.00,1.30,1
159,5502,722,32000.00,29832.00,8.50,2
160,4008,2489,49000.00,4758.00,1.00,2
161,6578,3166,17000.00,7627.00,5.80,2
162,4776,1424,18000.00,29510.00,6.30,2
163,9805,2548,29000.00,6177.00,7.90,2
164,37,1179,48000.00,43864.00,7.60,1
165,8556,3707,35000.00,37804.00,5.50,1
166,8778,2190,24000.00,42887.00,6.30,1
167,8022,3077,35000.00,22549.00,9.70,3
168,1896,859,18000.00,19196.00,5.20,3
169,449,1321,29000.00,11034.00,8.50,2
170,7302,3597,28000.00,24200.00,6.80,1
171,997,61,19000.00,48528.00,4.00,1
172,5348,4703,41000.00,40566.00,2.30,3
173,3118,236,21000.00,12395.00,5.60,2
174,2863,4811,19000.00,46468.00,1.10,3
175,3651,2293,19000.00,45222.00,1.90,3
176,5299,345,43000.00,10546.00,3.70,3
177,9052,3316,10000.00,40385.00,8.20,2
178,5926,1021,41000.00,33476.00,5.30,2
179,6142,1631,17000.00,25432.00,2.20,2
180,2787,232,45000.00,12385.00,2.80,2
181,615,3458,45000.00,35844.00,3.40,3
182,9786,140,27000.00,30692.00,3.60,3
183,3524,2822,10000.00,35998.00,5.40,1
184,8052,3251,17000.00,15334.00,5.60,1
185,4014,3574,45000.00,5764.00,7.10,3
186,1588,2297,25000.00,46992.00,2.70,3
187,4682,3690,19000.00,17890.00,7.00,1
188,3320,4324,35000.00,41267.00,1.80,2
189,9349,143,35000.00,9327.00,2.50,3
190,3148,3390,25000.00,1480.00,5.80,2
191,6987,4515,33000.00,19086.00,5.60,2
192,4878,1905,21000.00,40190.00,2.10,2
193,7012,1195,46000.00,10437.00,3.70,3
194,2986,1226,49000.00,527.00,2.10,1
195,9898,1061,14000.00,19762.00,4.00,1
196,1098,3574,50000.00,3436.00,8.90,3
197,9175,1999,47000.00,11612.00,2.30,1
198,8508,4653,44000.00,5065.00,4.60,3
199,2004,1623,38000.00,34627.00,5.90,3
200,9557,2625,22000.00,44940.00,4.70,3
201,1054,3591,45000.00,11913.00,1.20,3
202,7808,1538,38000.00,11863.00,3.10,1
203,6411,3602,40000.00,26071.00,1.00,2
204,1897,672,13000.00,33569.00,7.40,2
205,5851,1060,22000.00,13808.00,2.40,3
206,2685,782,35000.00,18902.00,1.60,2
207,1270,271,21000.00,26646.00,2.90,1
208,5113,2575,21000.00,1714.00,4.70,2
209,3738,4368,25000.00,30001.00,10.00,2
210,8530,856,31000.00,6966.00,8.80,1
211,8417,479,26000.00,34739.00,9.70,3
212,6385,4798,49000.00,19678.00,9.70,1
213,6170,4162,20000.00,35260.00,1.30,1
214,2037,1878,34000.00,30797.00,2.70,3
215,4617,2364,50000.00,42721.00,7.50,1
216,9547,1419,36000.00,31819.00,1.40,2
217,3728,18,46000.00,23228.00,4.50,3
218,6750,2956,30000.00,41420.00,1.50,2
219,7995,2095,11000.00,19011.00,6.80,3
220,6649,2136,47000.00,382.00,6.90,2
221,3067,1838,22000.00,37317.00,6.00,1
222,2062,4344,13000.00,764.00,5.60,2
223,1880,3052,17000.00,41071.00,7.90,1
224,7080,3383,43000.00,9773.00,7.30,1
225,7976,4152,27000.00,860.00,7.30,3
226,18,4750,46000.00,2359.00,2.10,3
227,1435,3547,15000.00,48290.00,5.80,1
228,3122,3761,15000.00,27928.00,5.80,2
229,9303,2566,25000.00,3691.00,6.90,2
230,635,48,46000.00,26773.00,9.20,1
231,3564,2929,27000.00,30681.00,3.50,1
232,1038,2436,44000.00,26201.00,5.70,3
233,7740,3832,15000.00,40097.00,9.40,2
234,2982,1268,14000.00,15851.00,2.50,3
235,5447,4679,45000.00,33641.00,7.40,3
236,4609,130,35000.00,11631.00,7.50,2
237,8805,1811,41000.00,29637.00,7.80,2
238,8350,544,48000.00,40112.00,2.10,2
239,1336,3942,16000.00,35389.00,5.60,2
240,6483,957,23000.00,21098.00,2.20,3
241,5521,382,13000.00,31559.00,1.90,2
242,1199,1906,36000.00,43463.00,6.70,1
243,9845,2600,10000.00,19047.00,8.10,2
244,811,3585,39000.00,13921.00,2.90,1
245,3008,4589,44000.00,31324.00,1.10,1
246,5441,669,27000.00,38648.00,7.30,1
247,7850,3620,41000.00,21420.00,8.90,3
248,9227,872,42000.00,11543.00,6.00,2
249,7407,4213,47000.00,31508.00,4.20,3
250,7940,1344,28000.00,5892.00,2.40,3
251,8011,2678,47000.00,128.00,6.80,2
252,2036,1370,44000.00,12855.00,3.60,3
253,2021,3177,34000.00,38578.00,7.10,3
254,2488,1171,33000.00,39108.00,9.50,3
255,8215,2379,48000.00,20276.00,6.50,3
256,4094,1753,37000.00,27461.00,5.10,2
257,8282,2050,26000.00,8896.00,2.90,1
258,7763,3298,50000.00,18779.00,2.20,3
259,1617,77,44000.00,8120.00,6.00,3
260,8723,3581,22000.00,37164.00,7.20,3
261,6940,1487,43000.00,46451.00,9.50,1
262,6999,3665,31000.00,28531.00,9.50,1
263,4322,4749,31000.00,46941.00,2.00,2
264,7854,1043,23000.00,38250.00,2.60,3
265,9724,1477,48000.00,21174.00,1.70,2
266,1659,4499,36000.00,10550.00,5.10,1
267,6143,2210,23000.00,23462.00,9.90,2
268,1727,2658,15000.00,12545.00,1.60,1
269,9654,4757,32000.00,33061.00,2.80,1
270,4952,3487,15000.00,18457.00,1.60,1
271,5855,1155,34000.00,20659.00,6.10,2
272,6444,1484,10000.00,36694.00,3.50,3
273,4712,3746,42000.00,13941.00,4.00,2
274,5555,3243,19000.00,17965.00,3.30,1
275,8253,989,41000.00,5764.00,8.70,3
276,4669,2469,15000.00,341.00,1.00,1
277,4913,1802,44000.00,229.00,7.30,2
278,1736,4530,25000.00,25343.00,5.00,1
279,7450,2837,29000.00,30609.00,4.60,2
280,2213,43,19000.00,32815.00,1.60,1
281,1566,2080,49000.00,28587.00,3.40,2
282,2570,695,27000.00,4816.00,7.10,2
283,2304,3718,37000.00,34905.00,5.50,1
284,6461,1114,35000.00,47852.00,1.70,2
285,1503,2110,45000.00,22200.00,5.20,1
286,9163,830,43000.00,24001.00,1.40,3
287,9951,1399,27000.00,11433.00,6.40,3
288,2358,3511,32000.00,24003.00,8.80,2
289,5912,2315,21000.00,2669.00,5.10,3
290,4589,4237,10000.00,49683.00,9.00,2
291,8882,4089,15000.00,46940.00,6.70,3
292,8607,2724,45000.00,24017.00,7.30,2
293,36,4730,44000.00,21844.00,5.80,2
294,3820,3295,33000.00,39422.00,9.70,1
295,3183,3136,30000.00,47815.00,7.30,1
296,6520,3171,28000.00,49031.00,5.90,2
297,5423,3101,32000.00,8049.00,2.90,1
298,2271,675,35000.00,33534.00,5.50,1
299,9262,1406,17000.00,47900.00,8.20,3
300,270,2631,15000.00,14756.00,8.60,3
301,3449,4221,47000.00,7616.00,4.00,3
302,4713,2627,33000.00,23811.00,1.70,2
303,9847,170,40000.00,21055.00,1.40,3
304,3554,492,10000.00,28942.00,5.50,3
305,9628,4419,13000.00,2575.00,7.00,1
306,8200,713,17000.00,44154.00,3.40,1
307,7754,3426,34000.00,23744.00,8.30,2
308,4087,3536,13000.00,38589.00,1.30,2
309,9504,1501,45000.00,30905.00,4.90,2
310,8461,3945,32000.00,28101.00,1.30,2
311,5762,2506,22000.00,19890.00,7.60,3
312,5707,2177,50000.00,33936.00,3.00,1
313,954,4820,47000.00,4869.00,6.90,2
314,6712,927,33000.00,37978.00,6.30,1
315,1870,2187,33000.00,28499.00,5.30,3
316,5387,1519,42000.00,11726.00,7.70,2
317,6460,655,50000.00,12790.00,6.20,1
318,8160,1149,18000.00,40082.00,2.80,1
319,9696,792,43000.00,15051.00,6.20,1
320,7476,2329,42000.00,34791.00,6.40,1
321,356,899,39000.00,21986.00,5.70,1
322,7039,1200,29000.00,12097.00,3.50,3
323,1944,4320,49000.00,4537.00,5.10,2
324,797,3940,39000.00,1565.00,4.70,2
325,3120,4648,47000.00,31863.00,9.20,3
326,1907,4765,47000.00,22035.00,4.90,1
327,965,334,50000.00,2627.00,3.50,2
328,4810,2060,39000.00,23663.00,3.60,3
329,8162,4649,19000.00,16031.00,6.40,3
330,4426,547,39000.00,22081.00,7.80,1
331,3986,244,20000.00,11198.00,3.10,1
332,6646,3561,27000.00,41734.00,9.00,2
333,1420,2186,47000.00,40424.00,8.90,1
334,1698,2884,28000.00,36459.00,2.70,1
335,2345,4784,36000.00,40388.00,9.40,3
336,2159,825,19000.00,14622.00,8.60,3
337,3676,3468,43000.00,45449.00,2.80,3
338,9034,1841,19000.00,21055.00,8.90,2
339,6955,2595,50000.00,13963.00,9.30,2
340,1995,552,49000.00,10738.00,10.00,1
341,2017,588,18000.00,836.00,7.60,2
342,4225,1796,24000.00,203.00,3.60,2
343,165,2390,26000.00,28624.00,5.20,2
344,6230,4037,13000.00,33882.00,3.00,3
345,4351,3101,43000.00,16510.00,1.80,1
346,1017,795,13000.00,41380.00,8.20,3
347,2261,721,37000.00,47976.00,8.70,1
348,6904,4546,18000.00,26018.00,9.90,3
349,9931,3626,38000.00,44427.00,8.10,2
350,4345,1001,33000.00,9145.00,6.40,2
351,9074,1667,13000.00,46044.00,4.60,1
352,5201,1921,43000.00,2464.00,5.00,3
353,3934,3986,45000.00,27136.00,1.00,2
354,6670,2189,14000.00,46553.00,2.90,3
355,5265,4437,40000.00,25437.00,7.90,3
356,7354,4164,49000.00,11553.00,9.10,2
357,7007,1940,49000.00,25438.00,9.80,3
358,1860,765,36000.00,11231.00,3.50,1
359,798,1479,28000.00,24539.00,7.00,3
360,3659,2209,38000.00,7352.00,6.10,1
361,806,2628,35000.00,43882.00,1.80,3
362,3079,1397,28000.00,33988.00,4.80,2
363,8513,3957,30000.00,259.00,2.40,1
364,8360,3652,17000.00,10008.00,5.00,2
365,7986,1452,37000.00,20083.00,9.40,1
366,7377,2158,46000.00,27068.00,6.60,1
367,3053,2246,30000.00,35877.00,6.10,3
368,5023,585,20000.00,25787.00,1.10,2
369,8091,3860,25000.00,8478.00,2.60,2
370,9802,1231,42000.00,5627.00,2.70,1
371,7993,4542,24000.00,20108.00,8.10,3
372,3188,3266,39000.00,4627.00,4.20,3
373,1815,4013,19000.00,8631.00,2.30,3
374,5798,879,39000.00,15176.00,3.30,2
375,5642,3037,49000.00,19877.00,5.40,3
376,8145,3839,16000.00,21661.00,8.40,2
377,3194,2101,10000.00,20243.00,5.70,3
378,8402,478,29000.00,20241.00,6.20,2
379,6984,3596,14000.00,60.00,6.30,3
380,5183,2230,13000.00,39609.00,6.90,2
381,2558,2846,15000.00,5146.00,6.70,3
382,2124,117,50000.00,7095.00,3.30,1
383,3217,3308,16000.00,36959.00,9.80,2
384,4195,4097,33000.00,7358.00,5.80,1
385,1957,4483,13000.00,43393.00,2.30,1
386,4611,4513,23000.00,34663.00,6.00,2
387,7801,1148,21000.00,9590.00,7.50,3
388,9849,3428,48000.00,17245.00,9.80,3
389,6701,4656,27000.00,20537.00,2.30,3
390,863,3226,21000.00,3572.00,6.70,3
391,3143,934,41000.00,43372.00,3.30,3
392,3445,1670,10000.00,11606.00,2.70,1
393,3939,2618,23000.00,16139.00,4.90,2
394,4233,1821,24000.00,15158.00,4.90,1
395,4196,2689,18000.00,17075.00,7.60,3
396,8474,2291,33000.00,25088.00,2.50,1
397,2854,831,45000.00,48253.00,3.10,1
398,3500,2070,42000.00,23764.00,1.00,1
399,2749,303,34000.00,48098.00,8.60,2
400,4613,489,26000.00,17731.00,9.60,2
401,7825,1745,26000.00,14303.00,7.40,2
402,264,3028,41000.00,14948.00,5.80,1
403,7087,2856,37000.00,39623.00,9.40,3
404,7337,2534,47000.00,38209.00,2.30,3
405,7902,397,48000.00,16512.00,9.90,1
406,1769,50,19000.00,42275.00,7.00,2
407,391,2922,40000.00,2157.00,8.80,1
408,7266,1394,20000.00,35336.00,6.10,3
409,458,4107,38000.00,42810.00,8.60,3
410,9879,1504,29000.00,22896.00,9.10,2
411,9048,3912,25000.00,4744.00,4.40,1
412,7841,592,39000.00,26508.00,4.70,2
413,6810,4559,22000.00,32643.00,1.10,2
414,7208,843,11000.00,29058.00,1.20,2
415,6009,3271,31000.00,9742.00,4.80,2
416,8024,2114,39000.00,35668.00,6.80,3
417,2674,1330,11000.00,31532.00,3.50,1
418,9387,4638,38000.00,2124.00,5.10,1
419,1058,1065,23000.00,24185.00,5.20,2
420,384,3815,30000.00,27787.00,6.00,3
421,9081,4123,16000.00,33254.00,6.20,1
422,7422,290,29000.00,48974.00,8.20,1
423,6102,2474,49000.00,15971.00,4.10,2
424,8851,1343,19000.00,46424.00,3.00,1
425,1132,1970,47000.00,569.00,5.50,2
426,8656,3457,16000.00,45154.00,2.00,2
427,7011,2203,36000.00,24335.00,9.00,3
428,9985,4572,19000.00,45898.00,2.00,2
429,6410,4543,50000.00,7072.00,9.00,3
430,9861,2505,31000.00,27022.00,5.30,1
431,3924,2202,16000.00,49312.00,4.50,2
432,8237,3806,28000.00,28750.00,2.10,1
433,6292,2088,12000.00,24126.00,9.90,3
434,4273,3036,47000.00,41915.00,2.30,2
435,9503,3888,36000.00,11620.00,7.10,1
436,1977,2303,48000.00,24825.00,3.40,1
437,8032,2452,16000.00,37494.00,8.80,3
438,7554,575,36000.00,47926.00,6.10,3
439,3108,2728,31000.00,32853.00,3.70,2
440,3906,256,45000.00,672.00,1.50,2
441,9940,101,30000.00,40449.00,1.20,2
442,7733,4520,40000.00,11674.00,3.30,2
443,3672,2772,37000.00,15918.00,2.40,3
444,3595,2608,49000.00,3935.00,6.30,1
445,91,1138,33000.00,22019.00,2.60,2
446,2805,208,25000.00,47311.00,4.50,1
447,1533,4533,31000.00,1900.00,1.50,1
448,8930,3643,18000.00,4095.00,8.40,1
449,524,2736,39000.00,31906.00,8.60,1
450,7706,171,20000.00,11352.00,7.20,1
451,9257,4321,12000.00,27976.00,6.40,3
452,7246,708,14000.00,48606.00,2.30,2
453,9431,2269,22000.00,11491.00,7.00,3
454,6780,4502,37000.00,2311.00,9.50,2
455,3438,3948,21000.00,31949.00,5.20,3
456,1901,3116,38000.00,6749.00,6.90,1
457,9689,442,36000.00,22135.00,6.10,1
458,4987,3689,16000.00,9356.00,8.20,1
459,5372,1133,24000.00,37797.00,7.20,3
460,8737,7,36000.00,49704.00,7.70,1
461,3643,2536,14000.00,43270.00,5.90,1
462,8136,4018,16000.00,6075.00,6.20,2
463,5800,4097,15000.00,13483.00,7.60,3
464,2086,2483,12000.00,34760.00,9.90,2
465,3562,1189,10000.00,27246.00,2.80,1
466,6991,1509,28000.00,31826.00,3.50,3
467,8315,2989,47000.00,11472.00,5.10,2
468,9613,160,24000.00,13406.00,8.70,3
469,2641,3726,46000.00,14493.00,5.90,1
470,733,1009,35000.00,20702.00,5.00,3
471,5529,397,34000.00,3081.00,3.40,2
472,1206,2499,26000.00,32407.00,7.00,3
473,32,4209,30000.00,28548.00,4.30,3
474,3690,121,24000.00,31580.00,7.30,3
475,7431,3602,50000.00,17416.00,8.00,3
476,3097,2371,19000.00,39088.00,6.00,2
477,3255,940,27000.00,46386.00,7.30,2
478,9649,125,24000.00,24988.00,9.80,1
479,7493,842,44000.00,3432.00,1.50,3
480,8365,4152,32000.00,10128.00,5.30,3
481,8083,3584,37000.00,36796.00,9.40,2
482,419,3588,44000.00,13804.00,9.80,1
483,1810,2508,19000.00,986.00,7.70,3
484,1327,3974,39000.00,26057.00,7.80,2
485,2794,1758,23000.00,21627.00,3.80,2
486,9247,127,38000.00,31421.00,7.20,3
487,5463,2226,30000.00,17130.00,5.70,2
488,5799,2141,35000.00,45467.00,9.00,3
489,3010,3617,24000.00,19117.00,1.80,3
490,6073,3108,47000.00,32041.00,9.70,2
491,1421,3887,30000.00,16492.00,2.50,3
492,2513,3779,12000.00,10538.00,9.60,2
493,1510,2736,21000.00,35344.00,7.60,3
494,5080,3745,15000.00,41261.00,1.00,3
495,8373,975,16000.00,1016.00,8.30,3
496,5325,2559,27000.00,41450.00,8.10,2
497,6231,365,47000.00,4830.00,5.90,2
498,8902,1998,50000.00,43116.00,6.70,1
499,9644,4402,48000.00,44931.00,8.60,3
500,9797,2160,31000.00,4761.00,5.30,1
501,8875,4103,24000.00,41439.00,2.50,3
502,652,2549,39000.00,49811.00,7.40,2
503,6412,2783,22000.00,10886.00,5.00,1
504,4074,2438,17000.00,46652.00,1.80,3
505,4599,469,44000.00,25390.00,3.20,3
506,8475,92,50000.00,22892.00,5.10,1
507,5052,2613,13000.00,20894.00,7.90,3
508,7692,3081,19000.00,22049.00,10.00,2
509,480,1359,34000.00,27766.00,1.80,2
510,6890,659,20000.00,26381.00,3.90,2
511,8859,2610,14000.00,39010.00,8.20,3
512,1247,1725,41000.00,24536.00,3.30,3
513,1025,4306,29000.00,38642.00,4.30,2
514,325,2105,29000.00,4151.00,7.80,3
515,3971,2367,30000.00,15365.00,8.60,3
516,4471,2522,23000.00,42160.00,9.00,1
517,2688,2747,10000.00,49391.00,4.70,1
518,9072,4231,39000.00,10439.00,4.50,2
519,4346,4295,12000.00,49117.00,5.10,1
520,3237,4653,31000.00,42567.00,6.00,3
521,4943,715,20000.00,38800.00,7.20,2
522,7344,2898,34000.00,5013.00,1.70,1
523,86,2029,28000.00,27972.00,4.50,2
524,9314,3408,17000.00,45247.00,7.80,1
525,4804,4693,18000.00,19319.00,7.70,1
526,1359,2706,14000.00,12352.00,6.70,3
527,1092,3074,23000.00,25293.00,3.10,3
528,7867,1236,45000.00,11800.00,3.00,1
529,7250,3820,32000.00,29514.00,2.10,3
530,2262,2712,42000.00,16067.00,7.60,3
531,4737,721,33000.00,33318.00,9.00,1
532,4881,963,23000.00,24027.00,8.60,3
533,8058,2588,38000.00,5182.00,5.80,1
534,9092,2916,25000.00,1945.00,8.60,3
535,2704,778,25000.00,48217.00,9.20,3
536,9600,144,43000.00,15210.00,4.20,1
537,7894,3334,19000.00,20032.00,3.50,3
538,712,4591,34000.00,14976.00,3.90,3
539,9959,542,38000.00,15768.00,9.90,3
540,421,2832,10000.00,33881.00,2.20,1
541,7423,2589,48000.00,48953.00,6.80,2
542,5515,3426,44000.00,20671.00,6.20,2
543,5963,4202,16000.00,45145.00,7.90,1
544,4865,2647,31000.00,24423.00,6.60,1
545,4152,3696,48000.00,13277.00,4.70,2
546,6833,811,42000.00,21236.00,5.80,1
547,3901,1366,47000.00,6241.00,1.70,1
548,4632,2659,27000.00,13385.00,2.80,2
549,4881,1515,24000.00,15395.00,7.20,1
550,7593,465,45000.00,5872.00,5.50,3
551,4569,187,45000.00,18235.00,3.90,2
552,9447,1377,17000.00,20127.00,9.70,1
553,2165,3990,29000.00,11593.00,3.00,3
554,1538,2614,11000.00,16208.00,7.20,1
555,9241,1122,17000.00,48516.00,9.00,2
556,9893,2115,37000.00,29438.00,4.40,2
557,128,687,27000.00,42751.00,3.60,3
558,1368,1291,50000.00,41495.00,2.70,3
559,5581,3869,31000.00,43950.00,5.70,3
560,1139,1599,21000.00,26307.00,4.80,1
561,1746,93,15000.00,40057.00,7.00,2
562,6562,326,37000.00,37803.00,4.60,1
563,7919,4819,41000.00,39511.00,6.30,3
564,8628,1804,15000.00,48408.00,6.30,3
565,2435,1281,24000.00,33110.00,4.80,2
566,665,4073,41000.00,43316.00,6.70,1
567,3990,922,20000.00,38552.00,4.40,3
568,361,1519,31000.00,36836.00,1.90,3
569,7350,1836,30000.00,13349.00,5.90,1
570,4715,2175,38000.00,46291.00,3.70,3
571,4897,1650,11000.00,6558.00,2.10,1
572,7295,1034,38000.00,6520.00,4.50,1
573,1269,2701,23000.00,14114.00,9.10,2
574,5509,2522,44000.00,8544.00,4.60,3
575,3444,4634,22000.00,2636.00,5.50,2
576,2251,4758,24000.00,16877.00,9.30,1
577,2299,1130,31000.00,42358.00,7.30,1
578,8622,2464,27000.00,34439.00,9.30,3
579,6390,2236,36000.00,2739.00,6.30,2
580,9950,3165,32000.00,46040.00,4.00,1
581,5791,106,12000.00,6006.00,8.00,3
582,6279,3907,26000.00,6369.00,4.10,1
583,6050,4591,21000.00,34440.00,8.30,2
584,6158,1235,12000.00,32817.00,9.50,3
585,7841,2326,45000.00,24133.00,4.70,3
586,1201,3156,20000.00,30529.00,3.20,2
587,6854,3866,27000.00,47655.00,9.80,2
588,2563,861,39000.00,12913.00,3.10,1
589,7306,501,15000.00,43093.00,9.30,3
590,5480,4073,24000.00,40110.00,1.00,3
591,1810,1170,22000.00,39891.00,4.90,3
592,798,4574,25000.00,36099.00,4.30,2
593,875,2519,12000.00,28771.00,5.50,2
594,4854,903,18000.00,16629.00,2.70,3
595,324,360,45000.00,22567.00,4.80,2
596,5379,3003,40000.00,28119.00,9.50,3
597,6457,2063,20000.00,41453.00,5.10,1
598,4325,422,43000.00,12731.00,4.60,2
599,9353,3002,14000.00,5773.00,1.90,3
600,3279,478,37000.00,10485.00,3.70,2
601,422,1337,35000.00,34251.00,3.50,1
602,6837,1474,37000.00,5868.00,4.80,3
603,2785,1727,34000.00,39885.00,8.30,2
604,3457,2577,38000.00,24346.00,8.50,2
605,2468,4239,10000.00,30162.00,3.80,1
606,638,582,25000.00,28046.00,4.80,1
607,3321,4319,15000.00,23018.00,1.50,1
608,7023,4097,49000.00,31266.00,3.40,3
609,5869,1117,28000.00,16061.00,4.30,1
610,6571,744,45000.00,27488.00,3.40,1
611,3820,2827,33000.00,39793.00,3.50,1
612,3652,2912,47000.00,509.00,1.60,2
613,9656,528,25000.00,18910.00,5.20,1
614,2943,594,22000.00,1489.00,4.40,1
615,9221,1203,16000.00,38718.00,5.10,1
616,1241,3313,19000.00,20615.00,4.10,3
617,4353,2157,25000.00,10411.00,1.50,3
618,4208,3883,47000.00,39967.00,8.80,3
619,1455,920,18000.00,45341.00,9.40,2
620,9467,1208,26000.00,2540.00,6.00,2
621,7828,3926,47000.00,42740.00,2.60,3
622,3056,976,27000.00,16508.00,2.20,3
623,6557,2202,21000.00,9777.00,3.40,3
624,8978,2858,45000.00,43030.00,3.00,3
625,5500,540,48000.00,47898.00,6.20,2
626,6155,2139,22000.00,9930.00,4.70,2
627,6674,1398,29000.00,40149.00,1.30,1
628,1530,3715,48000.00,35119.00,3.30,1
629,3836,3144,16000.00,629.00,7.40,1
630,6389,4230,17000.00,13402.00,3.80,3
631,577,3661,31000.00,47861.00,6.40,1
632,7920,2339,27000.00,3561.00,2.10,1
633,5151,2506,14000.00,39416.00,3.30,2
634,2375,393,26000.00,31078.00,7.30,1
635,8738,1851,40000.00,28297.00,6.10,3
636,5367,2236,37000.00,28945.00,7.00,2
637,5280,1657,25000.00,36527.00,2.70,1
638,3166,3000,24000.00,16972.00,5.70,2
639,8859,2118,22000.00,25421.00,6.10,1
640,1990,3436,34000.00,15531.00,7.20,3
641,4632,3971,40000.00,21444.00,3.20,2
642,3024,2883,29000.00,42824.00,2.00,1
643,3439,432,11000.00,47288.00,4.30,2
644,1985,4124,21000.00,43379.00,1.20,1
645,5765,3655,46000.00,36500.00,6.60,2
646,3198,2611,19000.00,19881.00,8.30,1
647,8620,3183,24000.00,24089.00,4.20,3
648,4340,803,22000.00,1388.00,7.90,1
649,8513,1899,49000.00,9525.00,7.20,1
650,2047,3922,14000.00,1404.00,7.00,2
651,3765,4672,12000.00,19378.00,3.80,3
652,9637,3772,22000.00,42727.00,7.10,2
653,6820,3083,32000.00,21245.00,3.20,2
654,3231,853,50000.00,9825.00,7.60,3
655,7364,3975,40000.00,27309.00,8.90,3
656,5938,3292,31000.00,17581.00,5.10,1
657,5377,449,20000.00,16940.00,3.90,1
658,2843,3406,29000.00,2586.00,5.30,2
659,883,2193,37000.00,20725.00,3.80,3
660,9554,268,15000.00,2793.00,2.20,1
661,587,608,27000.00,11784.00,2.70,1
662,5422,2307,37000.00,5871.00,10.00,1
663,182,3025,31000.00,30730.00,2.00,1
664,5364,1179,37000.00,36116.00,9.40,2
665,4167,3287,22000.00,37755.00,8.90,1
666,9994,2239,11000.00,16097.00,2.30,3
667,7002,441,21000.00,3703.00,5.90,1
668,2443,4560,38000.00,48621.00,7.50,1
669,593,4424,37000.00,32235.00,1.20,3
670,3029,1778,31000.00,39979.00,8.80,1
671,2936,1019,41000.00,49056.00,7.50,1
672,9134,3959,46000.00,48867.00,6.80,3
673,1601,4242,21000.00,1230.00,3.90,2
674,1663,516,33000.00,26303.00,8.50,3
675,5838,4333,45000.00,18254.00,3.30,2
676,7329,4553,26000.00,460.00,1.20,2
677,7347,4250,16000.00,11694.00,7.40,3
678,9241,4271,48000.00,6469.00,9.90,1
679,6195,2216,40000.00,47356.00,8.30,1
680,4339,249,38000.00,18026.00,2.20,1
681,7731,1901,33000.00,13289.00,5.00,3
682,3416,1734,31000.00,47194.00,5.20,3
683,7036,3352,23000.00,40953.00,4.60,2
684,1627,3912,28000.00,22186.00,3.10,3
685,7601,2673,49000.00,41811.00,9.40,2
686,6616,563,45000.00,9113.00,3.90,1
687,6011,756,34000.00,10846.00,5.60,3
688,4095,125,40000.00,40094.00,2.20,2
689,2712,2466,34000.00,8728.00,8.10,3
690,6957,3837,12000.00,34319.00,6.80,2
691,7204,586,26000.00,10056.00,4.20,2
692,6439,4221,39000.00,34936.00,3.20,1
693,1711,2396,11000.00,8242.00,7.90,1
694,9034,362,12000.00,43765.00,4.60,1
695,4935,866,10000.00,19522.00,3.00,2
696,5353,3383,27000.00,17220.00,6.90,3
697,4157,1070,29000.00,20802.00,8.70,2
698,9116,4455,23000.00,2371.00,5.10,2
699,8605,1767,13000.00,14098.00,4.90,2
700,6588,1468,33000.00,45032.00,8.20,1
701,5215,2503,28000.00,7197.00,9.00,1
702,329,2638,42000.00,36474.00,5.90,3
703,8076,4212,26000.00,4633.00,8.30,1
704,8242,907,24000.00,40299.00,6.20,3
705,1859,3373,23000.00,15094.00,4.40,3
706,9399,1645,37000.00,49880.00,2.30,3
707,7626,4135,39000.00,44202.00,1.70,1
708,7591,3291,39000.00,35167.00,9.10,3
709,2845,3546,42000.00,40274.00,6.50,2
710,8124,419,28000.00,46102.00,7.00,2
711,3491,2117,44000.00,15375.00,2.50,3
712,1914,1021,20000.00,39999.00,5.60,1
713,2326,353,13000.00,28715.00,6.60,2
714,7529,2073,39000.00,30320.00,9.40,2
715,7074,2000,23000.00,39327.00,7.70,1
716,4917,3253,33000.00,15316.00,8.10,3
717,7408,497,34000.00,18601.00,5.70,3
718,8888,1240,35000.00,44561.00,2.60,2
719,6224,3326,47000.00,7025.00,5.20,1
720,7202,1828,49000.00,38341.00,7.60,3
721,1113,3203,18000.00,49500.00,4.50,2
722,509,2235,36000.00,32322.00,5.90,3
723,4386,1858,10000.00,24527.00,4.20,2
724,3351,100,50000.00,18094.00,6.60,3
725,9842,4643,20000.00,298.00,9.10,2
726,7839,2006,23000.00,18308.00,3.40,3
727,1602,2203,16000.00,894.00,6.90,3
728,6756,2893,28000.00,34107.00,4.20,3
729,5815,4664,11000.00,24082.00,3.50,2
730,6200,625,19000.00,13718.00,3.00,1
731,8436,4361,21000.00,3297.00,9.00,2
732,3453,1552,15000.00,31700.00,2.10,1
733,8348,2021,38000.00,12317.00,2.90,2
734,2027,3809,43000.00,14481.00,5.30,3
735,1060,2572,42000.00,29253.00,7.50,1
736,241,3685,24000.00,8118.00,4.30,3
737,2792,4553,36000.00,7949.00,7.60,1
738,8707,1853,19000.00,833.00,7.70,3
739,6470,2663,49000.00,19294.00,7.40,2
740,2637,3708,14000.00,44697.00,5.90,3
741,1470,496,46000.00,13708.00,5.40,3
742,1551,2865,46000.00,34079.00,7.60,1
743,8207,4252,18000.00,30140.00,3.20,1
744,4269,1874,12000.00,36185.00,3.40,3
745,2491,1018,43000.00,32259.00,9.20,2
746,1218,1718,11000.00,15036.00,4.90,1
747,357,1272,21000.00,5596.00,1.80,2
748,2166,2598,14000.00,37511.00,8.00,2
749,8162,678,15000.00,18911.00,5.40,2
750,8092,4646,22000.00,18658.00,1.40,1
751,5856,1241,36000.00,34583.00,8.20,1
752,7675,935,44000.00,1631.00,2.80,2
753,9123,3883,20000.00,11876.00,5.70,3
754,5583,960,31000.00,41839.00,10.00,1
755,6383,2771,46000.00,10389.00,9.60,1
756,3766,676,33000.00,20378.00,2.10,2
757,7878,2872,34000.00,25562.00,4.90,3
758,4727,1105,20000.00,30472.00,5.30,1
759,5308,2247,48000.00,31852.00,7.10,3
760,1664,564,31000.00,28812.00,2.30,2
761,5739,3692,13000.00,29308.00,3.30,3
762,2943,3570,39000.00,39073.00,6.40,2
763,6656,638,13000.00,40469.00,4.00,2
764,4844,2782,29000.00,8776.00,5.20,2
765,8198,3117,35000.00,32964.00,8.90,1
766,7658,3483,48000.00,34250.00,6.90,1
767,6334,1261,30000.00,5689.00,2.60,3
768,4892,14,36000.00,7635.00,3.50,2
769,8858,2435,43000.00,30166.00,6.60,1
770,526,1264,48000.00,25284.00,8.90,3
771,7985,3040,49000.00,7743.00,7.10,2
772,4775,3732,24000.00,38499.00,1.30,2
773,8843,2543,22000.00,44460.00,6.40,3
774,4672,2371,27000.00,43070.00,2.40,3
775,2406,4141,27000.00,25705.00,9.80,2
776,8968,993,44000.00,17776.00,1.40,3
777,5347,3042,46000.00,30679.00,2.00,3
778,8909,2546,47000.00,16606.00,4.30,2
779,5356,1508,17000.00,6949.00,3.40,1
780,3930,1644,32000.00,20661.00,9.40,1
781,4799,2627,17000.00,36787.00,4.20,2
782,3987,1929,49000.00,47953.00,2.40,3
783,2871,3205,35000.00,26383.00,4.40,1
784,7084,1248,13000.00,40147.00,7.40,3
785,183,2994,37000.00,16445.00,5.40,2
786,2799,3527,23000.00,15527.00,5.80,1
787,5657,3030,31000.00,34584.00,6.70,3
788,88,3051,11000.00,17709.00,3.40,2
789,9043,1455,11000.00,26716.00,5.90,1
790,5646,1950,12000.00,36012.00,5.20,3
791,246,4052,12000.00,35517.00,9.30,1
792,4065,1433,47000.00,14053.00,6.70,2
793,5198,1557,36000.00,19230.00,1.90,2
794,7547,358,36000.00,1531.00,3.80,2
795,7525,4158,30000.00,40179.00,5.30,1
796,1001,149,48000.00,17995.00,3.30,3
797,7885,58,41000.00,44521.00,1.50,1
798,4817,2951,34000.00,5366.00,5.50,3
799,5310,4745,26000.00,17132.00,3.70,2
800,3121,2001,28000.00,46410.00,2.20,1
801,8353,1301,28000.00,26852.00,6.60,2
802,3916,4137,36000.00,9822.00,9.40,2
803,1409,1868,24000.00,21597.00,1.30,1
804,7331,122,18000.00,26460.00,5.70,1
805,6126,2553,43000.00,36622.00,5.50,1
806,4769,819,42000.00,15357.00,1.60,1
807,5677,526,47000.00,2530.00,6.00,3
808,5114,1634,26000.00,21552.00,8.30,2
809,4416,4492,13000.00,16268.00,3.80,2
810,1615,909,38000.00,46342.00,8.70,1
811,1522,4446,35000.00,3681.00,9.10,1
812,6675,2284,26000.00,19460.00,4.00,1
813,7625,4466,19000.00,17259.00,5.10,2
814,7223,1013,13000.00,17519.00,6.90,3
815,3202,3488,45000.00,35274.00,6.80,3
816,2787,507,34000.00,23412.00,9.90,2
817,7835,3273,36000.00,28901.00,7.50,2
818,3071,2517,19000.00,14284.00,6.20,2
819,5846,471,21000.00,24446.00,2.70,3
820,3636,4703,44000.00,34973.00,9.00,1
821,4766,599,45000.00,38865.00,2.20,2
822,253,2924,11000.00,15708.00,9.70,3
823,5547,4225,49000.00,28823.00,8.80,1
824,8139,1793,17000.00,40474.00,3.50,1
825,5462,4049,48000.00,26054.00,4.00,3
826,9348,998,44000.00,23253.00,3.40,2
827,1971,333,33000.00,25287.00,1.90,1
828,1132,2004,25000.00,32361.00,8.50,1
829,7246,2893,10000.00,27122.00,6.90,1
830,9118,270,40000.00,47316.00,3.60,2
831,3426,145,36000.00,39319.00,9.70,1
832,4060,3380,24000.00,7572.00,2.50,3
833,9894,1676,48000.00,34352.00,7.70,2
834,4967,1593,34000.00,29078.00,7.70,3
835,7308,3893,15000.00,45878.00,5.20,1
836,1129,201,35000.00,14850.00,5.20,3
837,7365,1324,45000.00,44542.00,5.00,3
838,2293,562,42000.00,20725.00,1.20,2
839,6760,2792,11000.00,18249.00,6.70,2
840,3324,3406,30000.00,17431.00,7.20,2
841,6178,3591,19000.00,47282.00,2.60,1
842,1731,3678,24000.00,16472.00,9.20,2
843,1051,4601,44000.00,8859.00,8.90,1
844,3075,191,18000.00,896.00,9.40,2
845,6082,2721,40000.00,17828.00,8.50,1
846,4518,1152,31000.00,10933.00,3.40,3
847,8115,948,45000.00,32413.00,1.20,2
848,7492,3725,25000.00,49204.00,5.70,2
849,4962,401,14000.00,26315.00,1.30,2
850,561,2473,42000.00,15261.00,1.30,3
851,6496,562,31000.00,34880.00,2.50,2
852,5094,1250,49000.00,10198.00,8.30,3
853,4649,4264,25000.00,3624.00,9.30,2
854,9332,2542,26000.00,26271.00,8.40,2
855,5077,3847,28000.00,46240.00,9.90,1
856,9082,1840,24000.00,38198.00,9.80,3
857,186,1561,49000.00,28641.00,5.80,2
858,4149,4097,47000.00,44073.00,2.20,2
859,3341,2717,20000.00,21756.00,6.10,2
860,7072,3789,47000.00,13902.00,3.10,1
861,4784,2537,17000.00,47048.00,8.00,2
862,5577,2131,39000.00,11962.00,9.90,3
863,5010,2585,31000.00,43140.00,6.20,2
864,6888,1413,36000.00,27079.00,9.20,2
865,5548,3520,36000.00,9098.00,5.50,1
866,9227,2851,16000.00,849.00,9.40,1
867,2059,1002,28000.00,16168.00,2.80,3
868,3343,4142,28000.00,14879.00,5.20,2
869,2221,3464,24000.00,31633.00,1.40,2
870,8469,4537,35000.00,5559.00,8.40,2
871,9256,1481,50000.00,1468.00,8.80,1
872,6052,2296,49000.00,39678.00,5.70,1
873,8514,50,29000.00,19127.00,8.00,3
874,2290,3036,48000.00,36989.00,2.30,2
875,9217,4233,30000.00,30796.00,5.50,2
876,6096,2095,29000.00,49789.00,4.00,3
877,5345,532,25000.00,46706.00,5.20,1
878,9981,3819,29000.00,38579.00,7.80,1
879,6952,3623,31000.00,49174.00,6.90,1
880,7300,2145,21000.00,5137.00,7.50,1
881,2377,1642,41000.00,13995.00,4.70,1
882,9484,4033,29000.00,7773.00,5.00,3
883,1304,3394,18000.00,35064.00,2.50,2
884,6709,1788,45000.00,47393.00,1.00,1
885,6706,2177,40000.00,38934.00,5.10,3
886,2563,440,28000.00,25157.00,5.30,3
887,7978,724,36000.00,6899.00,7.30,1
888,8525,4631,49000.00,46694.00,4.90,1
889,2823,4469,33000.00,12355.00,2.60,2
890,6527,2568,25000.00,16693.00,9.80,2
891,1328,1878,38000.00,15581.00,7.60,3
892,3870,4100,18000.00,49635.00,9.50,2
893,6303,1610,20000.00,31654.00,6.90,1
894,2836,3847,26000.00,17064.00,5.00,1
895,263,390,50000.00,26573.00,6.70,2
896,8815,2695,21000.00,3928.00,1.00,1
897,4643,2434,23000.00,31810.00,7.50,1
898,8532,1343,10000.00,22593.00,5.80,1
899,6978,944,41000.00,7892.00,8.50,2
900,4239,4407,27000.00,39461.00,5.50,3
901,1382,3611,41000.00,29014.00,7.80,1
902,5341,4709,42000.00,13836.00,8.70,2
903,1617,4288,21000.00,14614.00,1.20,3
904,7627,2660,48000.00,4814.00,1.10,1
905,5834,4360,10000.00,15508.00,4.10,3
906,6514,4241,50000.00,42095.00,8.70,1
907,8157,4019,37000.00,8848.00,10.00,3
908,6157,1943,32000.00,49760.00,6.90,1
909,5870,2648,33000.00,3479.00,4.40,1
910,1968,2686,49000.00,48824.00,9.70,3
911,4665,2394,49000.00,46370.00,5.90,3
912,4910,2436,44000.00,26274.00,9.40,1
913,874,2031,50000.00,36889.00,1.20,3
914,9229,1307,37000.00,48073.00,5.80,1
915,3066,4609,24000.00,21542.00,7.00,3
916,1311,1428,11000.00,19027.00,5.50,2
917,2293,831,23000.00,44383.00,5.90,2
918,6679,154,36000.00,42701.00,8.10,1
919,5259,4000,23000.00,17182.00,8.20,1
920,5175,3791,21000.00,33067.00,1.40,2
921,1765,3527,49000.00,43633.00,8.20,1
922,5637,4356,16000.00,35173.00,3.70,2
923,2785,3719,35000.00,28436.00,9.30,2
924,9876,2131,36000.00,29939.00,7.90,1
925,8710,1060,38000.00,27405.00,5.10,2
926,6620,4126,46000.00,30410.00,7.90,2
927,5332,1230,14000.00,23517.00,7.10,1
928,206,1002,21000.00,30457.00,4.60,3
929,1429,2438,15000.00,32416.00,6.30,3
930,6697,1492,21000.00,29946.00,8.30,3
931,666,2212,47000.00,46545.00,4.30,1
932,8938,74,50000.00,3787.00,9.70,1
933,5553,4370,10000.00,14859.00,5.80,3
934,5788,361,42000.00,25150.00,6.20,3
935,231,3913,24000.00,9979.00,3.20,1
936,9541,165,29000.00,4220.00,4.70,1
937,4941,1191,36000.00,18616.00,6.20,3
938,8119,2527,25000.00,42096.00,3.00,1
939,7798,3848,30000.00,3420.00,2.30,3
940,1577,2897,50000.00,1704.00,9.90,2
941,4321,434,28000.00,27796.00,5.70,3
942,7272,3793,18000.00,48777.00,5.80,3
943,6249,1944,46000.00,25010.00,1.30,2
944,2496,3541,42000.00,22543.00,7.50,3
945,4545,487,10000.00,40611.00,3.00,3
946,3040,1537,46000.00,35645.00,8.90,1
947,9481,1916,23000.00,42888.00,8.50,2
948,7473,1827,24000.00,3903.00,6.90,1
949,5241,2124,41000.00,16176.00,4.10,1
950,178,2170,39000.00,7928.00,9.60,1
951,8106,4243,35000.00,24215.00,2.00,2
952,1220,4347,35000.00,27493.00,2.30,2
953,2435,8,23000.00,27429.00,8.30,3
954,255,687,39000.00,10138.00,9.80,3
955,5303,1163,49000.00,9032.00,6.40,3
956,672,3999,22000.00,13419.00,1.10,1
957,4951,2137,21000.00,42013.00,5.10,2
958,5785,393,22000.00,21984.00,7.70,3
959,2594,2543,35000.00,42228.00,1.40,2
960,9039,113,16000.00,10813.00,2.10,3
961,8928,807,12000.00,6496.00,3.40,2
962,6356,1799,40000.00,41827.00,1.20,2
963,8152,4175,15000.00,43543.00,3.50,3
964,8453,1939,31000.00,9316.00,1.20,3
965,6779,555,22000.00,6820.00,6.90,1
966,3205,2985,49000.00,21229.00,7.30,3
967,826,4016,44000.00,10976.00,8.60,3
968,7727,4452,35000.00,10278.00,8.30,1
969,6808,2734,23000.00,4623.00,3.30,1
970,4511,1774,30000.00,59.00,5.60,1
971,6327,1479,48000.00,8259.00,6.00,2
972,2278,4154,46000.00,17970.00,5.40,1
973,3927,1792,46000.00,35424.00,4.90,2
974,1811,3188,38000.00,22391.00,9.50,1
975,7789,2909,33000.00,8593.00,3.20,1
976,2069,183,33000.00,27073.00,2.70,2
977,6880,4727,16000.00,14061.00,2.50,2
978,3977,2130,50000.00,1119.00,4.90,1
979,8911,918,17000.00,9424.00,9.90,1
980,8900,4018,21000.00,39058.00,7.70,3
981,9693,2734,29000.00,37824.00,2.80,3
982,8018,3235,42000.00,6896.00,2.20,1
983,5229,4114,46000.00,14700.00,7.20,2
984,8276,2715,20000.00,48982.00,9.10,1
985,179,3346,13000.00,39101.00,9.60,1
986,7101,1928,32000.00,5305.00,9.00,2
987,4047,3156,37000.00,42126.00,2.60,3
988,6017,3011,34000.00,17132.00,5.80,3
989,3643,4213,36000.00,45306.00,2.50,2
990,4453,4451,47000.00,22166.00,6.50,3
991,7672,1385,33000.00,367.00,1.30,2
992,1879,2351,38000.00,5129.00,8.80,1
993,5011,4607,19000.00,41256.00,8.60,3
994,6860,209,50000.00,36756.00,4.30,3
995,818,1007,48000.00,30148.00,8.00,3
996,7274,3198,33000.00,21224.00,6.80,1
997,2710,3086,11000.00,6282.00,1.60,3
998,3289,4103,33000.00,47888.00,1.00,2
999,7108,1620,44000.00,21450.00,7.00,1
1000,386,2516,12000.00,44463.00,7.90,3
1001,1354,725,45000.00,12791.00,4.50,2
1002,2670,3186,40000.00,32850.00,7.20,3
1003,9032,4144,21000.00,14043.00,6.00,2
1004,606,1685,47000.00,28946.00,3.60,3
1005,20,4505,19000.00,259.00,2.00,3
1006,9012,4698,42000.00,38622.00,3.00,2
1007,521,3149,29000.00,38110.00,3.20,3
1008,2818,418,22000.00,41133.00,7.90,3
1009,2186,4047,14000.00,43036.00,7.60,2
1010,8997,640,44000.00,35824.00,1.70,2
1011,9791,2494,30000.00,3552.00,7.30,1
1012,2487,446,31000.00,20923.00,6.50,3
1013,5743,2757,34000.00,5646.00,8.20,1
1014,384,4674,13000.00,25080.00,7.20,2
1015,3628,4138,50000.00,32592.00,7.30,2
1016,4711,292,25000.00,46003.00,4.10,3
1017,1421,3490,11000.00,19082.00,2.50,1
1018,5414,4246,41000.00,41757.00,7.40,1
1019,6295,2717,29000.00,37227.00,3.90,1
1020,5103,4580,30000.00,14061.00,5.00,3
1021,4389,773,49000.00,17309.00,1.20,3
1022,7065,4773,44000.00,19743.00,6.40,2
1023,7844,4415,37000.00,23963.00,2.30,2
1024,6095,4417,40000.00,45750.00,3.90,2
1025,4870,2581,49000.00,31810.00,4.60,2
1026,8328,973,29000.00,20391.00,6.40,3
1027,2094,2938,34000.00,30168.00,5.80,3
1028,6913,1782,23000.00,39239.00,2.80,3
1029,1370,1235,17000.00,17157.00,8.80,3
1030,6767,1383,16000.00,21511.00,5.90,1
1031,2509,2539,16000.00,6993.00,3.40,1
1032,9149,4745,39000.00,30413.00,8.70,3
1033,2297,2591,17000.00,10946.00,2.80,2
1034,7535,1217,15000.00,40220.00,4.80,1
1035,2138,3708,11000.00,35096.00,1.80,2
1036,9512,1908,24000.00,27052.00,7.80,2
1037,2848,2301,26000.00,29365.00,1.50,3
1038,3888,4221,33000.00,1988.00,5.60,3
1039,7189,2189,11000.00,45873.00,9.20,3
1040,2325,159,40000.00,32891.00,1.60,2
1041,624,3518,41000.00,11064.00,6.80,1
1042,947,1045,18000.00,701.00,2.00,3
1043,2901,806,41000.00,4572.00,7.90,1
1044,1342,3633,49000.00,36953.00,3.30,2
1045,2982,3680,22000.00,41825.00,4.90,2
1046,4271,1336,50000.00,20002.00,5.40,2
1047,1795,4529,31000.00,46041.00,7.80,1
1048,8476,2676,50000.00,14136.00,3.90,2
1049,4148,1398,15000.00,13065.00,6.00,2
1050,5929,3603,45000.00,186.00,1.50,3
1051,9304,1264,29000.00,47023.00,4.80,2
1052,6770,1393,25000.00,22355.00,7.60,1
1053,507,10,22000.00,41371.00,3.30,3
1054,7197,1602,48000.00,37735.00,8.40,2
1055,8010,119,23000.00,40153.00,9.20,3
1056,7959,3183,49000.00,5010.00,8.10,2
1057,8724,1056,41000.00,19028.00,7.50,3
1058,8684,2159,11000.00,46480.00,2.70,3
1059,1318,2732,23000.00,7493.00,1.10,3
1060,9948,692,34000.00,20654.00,6.10,2
1061,8678,3615,35000.00,17785.00,3.40,2
1062,9996,1814,30000.00,21306.00,2.10,3
1063,5373,4673,34000.00,40621.00,1.20,2
1064,8074,3211,47000.00,15255.00,1.00,1
1065,6094,1035,21000.00,34175.00,7.60,2
1066,4542,2030,39000.00,7759.00,4.00,2
1067,2002,3529,24000.00,45760.00,3.90,1
1068,5561,1182,37000.00,32738.00,5.00,3
1069,3280,4107,21000.00,45341.00,1.10,2
1070,3148,3782,17000.00,15330.00,2.00,1
1071,8855,1267,10000.00,37101.00,9.60,1
1072,6780,4066,18000.00,23227.00,5.50,2
1073,7008,1851,12000.00,34447.00,1.30,1
1074,7076,1742,15000.00,2941.00,1.10,1
1075,7396,4010,19000.00,48082.00,4.70,2
1076,7377,4642,50000.00,31068.00,4.40,1
1077,1736,1181,32000.00,32318.00,6.60,3
1078,2072,2643,50000.00,19860.00,1.20,3
1079,1372,2422,47000.00,9290.00,9.80,3
1080,5706,3693,35000.00,33206.00,3.40,1
1081,7897,607,29000.00,46802.00,8.40,1
1082,732,2705,12000.00,44378.00,6.20,3
1083,6789,4406,31000.00,12174.00,7.90,1
1084,7291,3914,47000.00,46426.00,8.70,3
1085,5486,4450,18000.00,35896.00,9.00,2
1086,6528,1041,15000.00,30826.00,3.70,2
1087,1441,1455,18000.00,29439.00,8.80,1
1088,4744,3591,48000.00,9112.00,9.90,1
1089,8540,2880,43000.00,22801.00,8.40,3
1090,9823,4314,18000.00,48422.00,4.20,3
1091,6247,1099,17000.00,21011.00,3.80,2
1092,6490,3662,30000.00,32634.00,4.00,2
1093,6326,4566,36000.00,4574.00,2.90,2
1094,5610,1529,49000.00,45927.00,2.30,3
1095,7173,2732,30000.00,16838.00,9.10,3
1096,9571,1231,49000.00,18793.00,4.50,3
1097,6478,1743,23000.00,15871.00,10.00,2
1098,7690,1483,14000.00,27597.00,3.50,3
1099,1799,3539,13000.00,14147.00,4.40,1
1100,9281,1447,47000.00,16205.00,5.60,3
1101,8849,2970,17000.00,42078.00,2.40,2
1102,9900,2439,45000.00,3354.00,7.90,1
1103,7975,364,13000.00,26178.00,1.10,2
1104,341,2725,27000.00,7570.00,5.70,3
1105,7820,3609,43000.00,17754.00,3.10,2
1106,7430,474,42000.00,43845.00,9.20,3
1107,8001,713,10000.00,49048.00,4.30,2
1108,5205,2943,15000.00,324.00,5.40,1
1109,8661,2469,40000.00,27790.00,5.30,1
1110,4869,4383,33000.00,25467.00,7.40,1
1111,1953,3459,21000.00,1404.00,2.20,3
1112,3202,4666,26000.00,36509.00,5.20,1
1113,684,4277,27000.00,42499.00,3.40,2
1114,5962,3645,15000.00,7101.00,4.50,1
1115,8661,2605,12000.00,33738.00,6.50,2
1116,7301,2964,10000.00,28962.00,3.50,3
1117,3420,190,29000.00,45339.00,1.00,1
1118,5499,367,44000.00,16526.00,2.20,3
1119,2075,3242,17000.00,14494.00,1.40,1
1120,1016,4814,50000.00,41671.00,9.90,2
1121,280,566,27000.00,25928.00,7.80,3
1122,4576,3857,26000.00,4194.00,5.90,2
1123,8346,928,50000.00,27329.00,1.80,2
1124,827,1080,34000.00,23849.00,3.20,1
1125,3032,4418,49000.00,12225.00,8.10,1
1126,6803,1742,41000.00,990.00,6.30,1
1127,1238,10,39000.00,40042.00,8.10,3
1128,624,1794,50000.00,35111.00,9.00,3
1129,8674,1747,42000.00,8769.00,2.00,3
1130,2151,4782,35000.00,11868.00,4.50,3
1131,9982,1184,39000.00,34763.00,8.60,1
1132,8322,1449,24000.00,40184.00,9.10,1
1133,420,2087,50000.00,48766.00,2.60,1
1134,4731,2017,18000.00,24052.00,6.30,1
1135,3722,402,24000.00,17739.00,3.90,2
1136,796,3451,23000.00,46946.00,4.80,2
1137,9835,3646,44000.00,15487.00,9.40,1
1138,8391,2626,43000.00,32729.00,9.30,1
1139,613,4478,22000.00,33480.00,8.10,1
1140,1407,2499,20000.00,13905.00,6.80,3
1141,1935,1113,20000.00,27824.00,7.70,2
1142,7022,2620,13000.00,34219.00,8.70,3
1143,3018,2419,26000.00,21669.00,9.90,1
1144,2673,2909,37000.00,43927.00,6.90,1
1145,4952,576,49000.00,34702.00,4.50,1
1146,302,931,18000.00,10657.00,4.80,2
1147,536,3891,20000.00,22365.00,7.80,2
1148,9052,3960,12000.00,792.00,6.20,1
1149,9899,3937,50000.00,13706.00,8.20,1
1150,8590,1709,20000.00,14137.00,6.70,2
1151,823,3682,18000.00,3212.00,7.80,1
1152,9868,3635,30000.00,47547.00,1.40,3
1153,7954,4348,40000.00,49008.00,8.70,1
1154,4097,2183,46000.00,39362.00,5.40,2
1155,3587,4455,49000.00,1746.00,9.90,3
1156,7000,3326,42000.00,26218.00,5.80,2
1157,3281,2908,44000.00,6968.00,1.30,2
1158,515,2967,22000.00,22181.00,7.40,1
1159,2500,2889,17000.00,47485.00,3.50,3
1160,7664,2339,40000.00,9175.00,3.10,2
1161,6044,2419,15000.00,33437.00,5.20,3
1162,3110,987,19000.00,4142.00,1.80,1
1163,6918,4245,20000.00,6440.00,9.70,1
1164,9963,2704,41000.00,12792.00,7.30,1
1165,2090,4188,45000.00,34030.00,8.20,1
1166,6050,935,24000.00,10257.00,1.00,2
1167,7762,4471,34000.00,42569.00,9.70,2
1168,8833,1145,41000.00,49329.00,2.10,1
1169,9249,986,12000.00,46009.00,4.30,3
1170,1933,4741,47000.00,26407.00,6.20,2
1171,835,2601,27000.00,405.00,1.30,1
1172,3323,3764,13000.00,36562.00,2.70,1
1173,8065,4778,23000.00,34188.00,8.40,2
1174,9898,4010,36000.00,3680.00,8.30,1
1175,1404,1967,29000.00,37786.00,3.10,1
1176,346,4547,31000.00,27374.00,7.40,2
1177,9119,2259,40000.00,44377.00,3.80,3
1178,5073,1915,36000.00,2954.00,7.50,1
1179,4700,2909,38000.00,32869.00,4.40,1
1180,9988,1882,24000.00,43475.00,9.30,3
1181,657,1739,20000.00,4858.00,5.20,1
1182,2170,1055,45000.00,47978.00,2.70,2
1183,9729,2166,41000.00,16115.00,5.50,1
1184,8457,258,41000.00,17789.00,7.70,2
1185,7410,1942,31000.00,24187.00,9.00,3
1186,3086,3,21000.00,45723.00,6.70,1
1187,3738,3107,37000.00,1911.00,9.60,2
1188,3689,4251,15000.00,675.00,1.00,2
1189,385,2366,21000.00,36436.00,2.70,1
1190,1981,3570,12000.00,10370.00,4.00,2
1191,1535,1965,31000.00,20858.00,9.50,1
1192,8683,3149,24000.00,11954.00,1.50,1
1193,6177,1404,10000.00,34901.00,7.70,3
1194,3386,936,40000.00,32982.00,5.40,3
1195,1372,4086,32000.00,28043.00,7.90,1
1196,6719,937,41000.00,28009.00,7.60,2
1197,2341,1759,43000.00,24888.00,1.90,3
1198,1692,3802,17000.00,30624.00,5.50,2
1199,959,3782,12000.00,46094.00,5.80,3
1200,6682,1092,46000.00,24615.00,2.00,3
1201,620,37,30000.00,36742.00,8.20,3
1202,9970,476,14000.00,18981.00,6.00,1
1203,3300,371,27000.00,14565.00,9.90,3
1204,887,387,20000.00,20243.00,4.80,3
1205,7128,1841,37000.00,11439.00,8.80,2
1206,2194,1890,23000.00,3431.00,5.30,3
1207,8649,4415,37000.00,15315.00,8.90,2
1208,7621,2285,25000.00,26940.00,9.40,1
1209,459,603,21000.00,14948.00,1.00,2
1210,3757,3324,46000.00,5692.00,7.50,2
1211,705,2497,27000.00,25954.00,2.40,1
1212,146,1291,18000.00,10897.00,1.50,2
1213,3743,3279,41000.00,16453.00,1.70,2
1214,4507,461,41000.00,7205.00,9.90,2
1215,1057,1095,22000.00,23585.00,4.30,2
1216,9723,2913,18000.00,18864.00,2.60,3
1217,2662,1432,20000.00,28099.00,8.80,3
1218,5589,3776,10000.00,25511.00,5.50,3
1219,838,1701,49000.00,25918.00,4.90,3
1220,5035,4162,42000.00,974.00,2.60,1
1221,8207,3152,23000.00,24130.00,4.80,2
1222,6068,4719,38000.00,34354.00,3.80,2
1223,2291,3299,33000.00,25345.00,3.70,2
1224,2826,4176,43000.00,22999.00,4.50,1
1225,4227,1100,46000.00,6974.00,2.40,1
1226,7396,1730,34000.00,9929.00,3.00,2
1227,8862,3841,11000.00,8430.00,3.50,3
1228,9766,4694,48000.00,20377.00,3.40,2
1229,8158,931,47000.00,2166.00,3.40,1
1230,3281,1484,34000.00,49639.00,5.90,2
1231,7180,173,29000.00,31075.00,8.50,3
1232,1637,4716,46000.00,9281.00,6.20,1
1233,1317,4774,17000.00,21016.00,5.70,2
1234,9860,2186,36000.00,17943.00,2.80,2
1235,4232,3424,14000.00,9512.00,2.10,2
1236,6793,2430,43000.00,24329.00,1.20,1
1237,3952,1054,18000.00,47358.00,5.40,2
1238,7608,1425,24000.00,34718.00,1.50,3
1239,1435,2040,41000.00,21735.00,3.70,3
1240,9202,3492,43000.00,11101.00,5.20,2
1241,9361,3194,46000.00,14682.00,4.10,3
1242,8072,838,23000.00,10435.00,9.20,2
1243,8379,2858,41000.00,44162.00,8.90,2
1244,1519,1269,25000.00,7849.00,1.10,2
1245,6559,2378,33000.00,5876.00,1.90,3
1246,9638,1789,35000.00,11955.00,2.80,3
1247,5064,427,20000.00,18447.00,5.60,1
1248,2967,619,37000.00,4571.00,3.30,3
1249,8188,3696,37000.00,1182.00,8.00,3
1250,6246,2965,47000.00,46057.00,7.30,1
1251,5739,1170,27000.00,48345.00,1.90,3
1252,2201,963,19000.00,40489.00,9.40,2
1253,1246,1486,12000.00,49803.00,9.00,2
1254,3131,2004,12000.00,26213.00,10.00,3
1255,144,3237,11000.00,36949.00,3.40,1
1256,8012,2809,21000.00,31898.00,8.30,3
1257,9045,3460,32000.00,31265.00,2.30,1
1258,5368,862,32000.00,30057.00,7.50,3
1259,5267,523,14000.00,26404.00,8.40,3
1260,1738,324,11000.00,16101.00,7.90,2
1261,9565,4085,25000.00,40246.00,2.30,3
1262,1484,936,43000.00,6426.00,2.70,3
1263,1796,796,29000.00,47946.00,8.00,3
1264,3899,2082,11000.00,44789.00,5.00,3
1265,863,29,47000.00,20470.00,3.70,1
1266,6916,3305,33000.00,32157.00,8.50,2
1267,2759,200,33000.00,26138.00,8.20,1
1268,6945,538,43000.00,32700.00,7.50,2
1269,8796,2297,25000.00,28808.00,7.90,2
1270,5792,204,39000.00,30339.00,7.60,3
1271,711,587,47000.00,1364.00,3.60,3
1272,9427,3163,33000.00,14432.00,7.50,3
1273,5876,1522,20000.00,21134.00,5.10,3
1274,7912,2320,25000.00,26227.00,7.20,2
1275,8142,1162,34000.00,40161.00,6.90,3
1276,1745,2881,12000.00,38505.00,6.50,2
1277,871,856,23000.00,6657.00,2.70,1
1278,5354,3281,46000.00,13440.00,7.30,3
1279,9315,2947,47000.00,37324.00,2.30,3
1280,3885,3230,42000.00,28182.00,9.10,1
1281,7975,4163,30000.00,48908.00,6.70,3
1282,2759,1543,16000.00,1223.00,8.80,2
1283,7797,2885,33000.00,49945.00,8.70,1
1284,1532,4562,33000.00,39581.00,7.80,2
1285,8757,274,23000.00,21141.00,3.80,3
1286,5985,2803,18000.00,27230.00,8.50,2
1287,9163,4495,10000.00,37088.00,8.80,3
1288,9310,1453,23000.00,7480.00,9.90,1
1289,6094,3990,17000.00,15203.00,8.90,1
1290,4577,2069,48000.00,5787.00,3.60,1
1291,7598,1714,16000.00,39990.00,2.90,3
1292,5346,4175,24000.00,3882.00,7.70,3
1293,1843,3099,43000.00,37627.00,3.00,1
1294,2944,3917,38000.00,38931.00,2.30,3
1295,2639,269,15000.00,45734.00,8.90,2
1296,7586,4486,35000.00,3063.00,4.90,3
1297,6873,281,36000.00,13508.00,6.60,3
1298,4905,2707,39000.00,45114.00,3.60,1
1299,4176,841,48000.00,29574.00,7.40,1
1300,6114,1050,38000.00,34576.00,3.40,3
1301,2562,296,43000.00,18182.00,5.50,3
1302,7063,2050,42000.00,23673.00,6.50,2
1303,4252,3975,10000.00,43979.00,6.70,2
1304,3542,2801,36000.00,37270.00,2.00,3
1305,5059,3510,43000.00,45411.00,5.10,2
1306,5602,2061,48000.00,14509.00,3.30,3
1307,50,762,16000.00,40811.00,2.50,2
1308,739,4268,45000.00,49589.00,8.40,3
1309,4423,1444,21000.00,27787.00,10.00,2
1310,3469,3965,42000.00,8491.00,9.90,3
1311,3324,4380,45000.00,36358.00,2.40,1
1312,3876,913,39000.00,47095.00,6.60,2
1313,2941,2866,38000.00,28934.00,2.40,2
1314,3568,817,41000.00,48131.00,8.30,2
1315,8435,250,40000.00,42380.00,7.40,1
1316,1027,402,37000.00,38525.00,7.60,2
1317,6324,602,35000.00,18901.00,5.80,1
1318,4129,2685,27000.00,46990.00,3.20,2
1319,1228,1944,20000.00,4938.00,8.00,3
1320,557,177,13000.00,23326.00,1.50,2
1321,2366,4616,25000.00,24376.00,4.20,2
1322,1460,958,33000.00,21850.00,4.50,3
1323,2696,2740,17000.00,47245.00,7.50,2
1324,1209,2415,13000.00,24708.00,7.30,2
1325,1925,4134,24000.00,16264.00,2.70,2
1326,8579,2436,40000.00,21936.00,7.80,3
1327,8023,878,16000.00,2039.00,5.20,3
1328,5565,1400,34000.00,40249.00,5.30,2
1329,974,1499,11000.00,17155.00,1.50,2
1330,4676,1608,22000.00,29705.00,9.50,2
1331,6971,3575,14000.00,1866.00,5.70,2
1332,7074,2189,30000.00,23742.00,8.90,1
1333,8652,1109,37000.00,41423.00,2.90,2
1334,903,207,21000.00,6120.00,5.50,2
1335,5311,1766,21000.00,24667.00,4.80,2
1336,7227,107,33000.00,18255.00,9.70,2
1337,8923,2283,50000.00,7317.00,7.40,2
1338,6184,94,22000.00,23574.00,5.10,1
1339,8702,3770,45000.00,26948.00,3.50,2
1340,7691,4461,40000.00,8621.00,1.60,3
1341,9485,2507,21000.00,30594.00,1.60,2
1342,2861,3692,17000.00,13482.00,1.40,1
1343,1082,1420,36000.00,23499.00,9.30,1
1344,6929,2530,37000.00,12817.00,1.00,1
1345,807,3822,21000.00,38892.00,4.00,2
1346,1881,1941,10000.00,17043.00,1.10,1
1347,8260,438,27000.00,44638.00,1.60,1
1348,665,3023,41000.00,33723.00,7.00,3
1349,7063,3680,22000.00,9454.00,9.60,2
1350,9623,3435,30000.00,28061.00,6.70,2
1351,8581,4720,11000.00,16846.00,3.10,3
1352,8544,3586,29000.00,47633.00,8.50,1
1353,1119,4197,28000.00,25175.00,7.60,3
1354,1206,2279,44000.00,15626.00,3.90,2
1355,5255,2122,46000.00,8415.00,6.30,2
1356,4746,4251,44000.00,31025.00,5.60,2
1357,223,2167,41000.00,42229.00,1.50,1
1358,8122,2701,25000.00,7945.00,4.90,2
1359,7416,514,50000.00,20615.00,5.20,3
1360,7856,1383,29000.00,37561.00,9.80,2
1361,5170,1093,26000.00,20872.00,2.00,3
1362,1272,156,31000.00,14946.00,1.10,3
1363,5530,2879,38000.00,33629.00,9.80,3
1364,9507,3229,16000.00,398.00,7.50,3
1365,3503,2360,10000.00,18182.00,8.30,3
1366,1533,402,48000.00,4381.00,3.80,2
1367,4306,2268,47000.00,13059.00,2.90,1
1368,9786,3143,46000.00,11806.00,2.60,2
1369,857,1594,10000.00,12404.00,3.10,3
1370,4883,3859,29000.00,33090.00,6.40,1
1371,8716,4140,15000.00,44736.00,1.50,3
1372,8197,1472,29000.00,2131.00,2.40,3
1373,9073,627,48000.00,43010.00,8.20,3
1374,5019,512,11000.00,5440.00,6.20,3
1375,7164,4528,21000.00,6100.00,4.00,3
1376,7082,3917,36000.00,31664.00,7.30,3
1377,7629,986,50000.00,15133.00,2.90,2
1378,2813,2275,27000.00,43196.00,3.30,1
1379,7143,45,45000.00,6076.00,4.70,1
1380,2240,2497,47000.00,671.00,6.20,3
1381,7136,983,31000.00,42119.00,6.60,3
1382,3482,1724,46000.00,17899.00,8.70,1
1383,8387,995,46000.00,23374.00,8.40,1
1384,1634,558,21000.00,31900.00,5.60,1
1385,6789,2976,50000.00,32700.00,4.60,1
1386,5473,1022,48000.00,2545.00,7.20,1
1387,3083,2931,14000.00,24454.00,1.80,1
1388,46,2649,40000.00,14968.00,2.70,1
1389,8829,4049,43000.00,44520.00,6.00,2
1390,2133,4736,17000.00,31925.00,2.00,2
1391,5920,2247,16000.00,37863.00,5.40,1
1392,6727,2593,29000.00,19263.00,5.50,3
1393,465,3668,19000.00,25819.00,6.60,2
1394,1057,1867,11000.00,44940.00,9.00,1
1395,6150,3727,25000.00,45183.00,9.30,2
1396,4542,2947,45000.00,8730.00,3.80,2
1397,5961,1577,25000.00,13347.00,2.30,2
1398,9504,4432,10000.00,42055.00,8.70,1
1399,5164,587,36000.00,31660.00,8.40,1
1400,685,389,18000.00,44895.00,4.90,2
1401,8848,4590,22000.00,32166.00,2.10,3
1402,5212,1498,43000.00,44658.00,2.10,1
1403,5584,760,50000.00,49640.00,2.40,1
1404,6187,3838,43000.00,43119.00,1.70,1
1405,2008,4453,37000.00,38038.00,9.70,3
1406,677,2799,13000.00,22923.00,4.20,2
1407,2041,4476,18000.00,215.00,3.70,3
1408,4089,3852,50000.00,4415.00,9.90,1
1409,5404,3038,44000.00,18379.00,7.50,2
1410,5279,984,31000.00,47470.00,8.20,3
1411,530,395,27000.00,23421.00,1.40,1
1412,1314,4427,33000.00,47332.00,7.20,2
1413,602,1250,46000.00,33896.00,5.90,2
1414,1765,540,30000.00,2083.00,3.10,2
1415,4509,3990,17000.00,18433.00,6.50,2
1416,3994,3047,16000.00,44677.00,5.40,3
1417,3361,4413,23000.00,11700.00,9.00,3
1418,9697,3378,15000.00,23670.00,3.50,3
1419,7678,3573,12000.00,42606.00,2.90,2
1420,6399,3273,36000.00,26767.00,5.60,2
1421,8501,1963,12000.00,3254.00,8.60,3
1422,8917,3890,48000.00,35964.00,3.70,3
1423,845,1334,24000.00,20503.00,10.00,2
1424,7604,298,30000.00,39997.00,1.30,1
1425,1672,1392,40000.00,41143.00,7.40,3
1426,3938,830,33000.00,19461.00,7.40,1
1427,9506,1611,24000.00,723.00,4.20,3
1428,9472,281,38000.00,44341.00,7.60,3
1429,6879,3609,41000.00,24372.00,1.40,2
1430,7238,3970,48000.00,22866.00,8.90,3
1431,1147,592,37000.00,20603.00,7.70,2
1432,4185,603,10000.00,6199.00,1.10,1
1433,1536,3027,48000.00,48942.00,8.40,3
1434,2053,3338,16000.00,47601.00,7.40,3
1435,183,2297,18000.00,37709.00,2.30,3
1436,7665,3863,23000.00,1606.00,8.60,3
1437,6626,1737,11000.00,31363.00,2.10,1
1438,1088,3675,12000.00,21312.00,5.80,3
1439,6701,4444,43000.00,10209.00,8.40,3
1440,9724,111,19000.00,42230.00,8.50,3
1441,8081,1986,10000.00,21150.00,7.10,1
1442,6919,1642,24000.00,13625.00,8.80,3
1443,9150,3336,11000.00,20365.00,3.00,2
1444,1062,720,20000.00,31462.00,4.30,2
1445,1056,351,49000.00,25373.00,3.60,3
1446,7768,4372,25000.00,1790.00,9.40,3
1447,9819,871,49000.00,10977.00,6.40,1
1448,6126,1273,11000.00,49905.00,3.90,3
1449,7219,2371,37000.00,2643.00,4.60,1
1450,2047,4731,48000.00,15774.00,4.00,2
1451,4864,535,41000.00,11746.00,2.70,3
1452,1095,401,44000.00,41739.00,1.90,2
1453,8908,530,16000.00,34372.00,7.60,1
1454,4728,3413,49000.00,19645.00,6.80,2
1455,6256,4119,45000.00,19682.00,6.30,2
1456,9636,2099,15000.00,23448.00,6.40,2
1457,2863,1196,41000.00,38392.00,9.90,2
1458,4450,1036,38000.00,2538.00,8.90,3
1459,5602,3819,48000.00,36794.00,3.50,2
1460,17,58,29000.00,4343.00,8.30,2
1461,8496,3994,48000.00,12733.00,3.10,2
1462,8256,3073,33000.00,19751.00,8.30,1
1463,4256,1740,14000.00,38761.00,2.30,2
1464,7473,4142,44000.00,39992.00,1.30,3
1465,3257,3257,42000.00,25526.00,4.60,3
1466,7508,4188,33000.00,49162.00,1.40,1
1467,4496,3181,17000.00,37891.00,1.80,2
1468,238,4566,28000.00,44618.00,1.70,2
1469,7730,2572,22000.00,1338.00,6.10,2
1470,6980,985,13000.00,12421.00,4.80,1
1471,9557,3663,13000.00,44400.00,5.80,2
1472,1537,501,42000.00,46795.00,5.70,2
1473,1469,95,14000.00,26843.00,2.30,3
1474,6982,156,47000.00,13911.00,4.20,3
1475,5528,78,38000.00,38718.00,1.20,1
1476,6160,2865,41000.00,49168.00,8.30,3
1477,6283,1495,16000.00,21541.00,6.60,3
1478,3014,1295,31000.00,30831.00,7.20,2
1479,2565,789,19000.00,33251.00,9.70,3
1480,3253,1053,46000.00,49296.00,2.30,1
1481,4843,800,49000.00,23705.00,1.40,2
1482,2706,436,26000.00,11684.00,5.80,2
1483,1723,124,25000.00,31172.00,9.10,1
1484,6872,3387,14000.00,20726.00,8.70,2
1485,8224,1396,10000.00,41439.00,1.60,1
1486,413,4603,19000.00,13318.00,5.70,2
1487,3397,572,47000.00,36403.00,8.10,1
1488,5227,218,16000.00,5776.00,1.40,2
1489,9252,1954,45000.00,37006.00,5.40,3
1490,3488,2362,39000.00,29154.00,9.10,3
1491,3685,4576,45000.00,17264.00,9.60,3
1492,7238,4129,45000.00,39698.00,8.30,1
1493,9279,4726,26000.00,36143.00,1.60,2
1494,4139,2092,42000.00,40576.00,1.80,1
1495,1014,1846,10000.00,26657.00,3.40,2
1496,853,3419,35000.00,42563.00,8.20,3
1497,3098,3734,33000.00,33717.00,1.10,2
1498,1510,4166,47000.00,37544.00,5.40,3
1499,2076,1299,41000.00,18927.00,8.70,2
1500,2060,323,11000.00,21420.00,5.30,1
1501,2374,4777,27000.00,17847.00,7.20,2
1502,4383,4473,43000.00,15279.00,6.30,1
1503,1362,1475,40000.00,17011.00,7.50,2
1504,172,4573,27000.00,41263.00,7.10,2
1505,4215,2420,11000.00,27918.00,7.80,1
1506,7109,373,14000.00,10656.00,1.80,3
1507,2975,2737,10000.00,29916.00,5.60,1
1508,6509,3680,30000.00,8726.00,5.90,1
1509,1735,2563,15000.00,18511.00,4.30,2
1510,5962,2575,35000.00,24878.00,9.60,3
1511,9968,1982,23000.00,35364.00,3.50,1
1512,2511,1335,28000.00,45738.00,1.60,3
1513,9623,3929,11000.00,11176.00,8.70,1
1514,8448,4078,40000.00,41759.00,2.60,3
1515,1396,1173,24000.00,38887.00,8.40,3
1516,8647,1747,26000.00,44749.00,1.70,3
1517,9488,11,17000.00,46010.00,8.80,1
1518,8062,2855,48000.00,30496.00,6.90,1
1519,2277,3706,27000.00,32862.00,4.30,2
1520,3632,832,48000.00,37470.00,8.10,1
1521,3206,2166,34000.00,35501.00,4.10,2
1522,2657,1863,22000.00,425.00,2.80,2
1523,5447,2184,27000.00,43475.00,4.00,2
1524,1486,3682,21000.00,48819.00,9.60,2
1525,7427,1825,47000.00,11506.00,3.10,2
1526,9392,1522,28000.00,27098.00,8.10,3
1527,8210,4408,12000.00,33323.00,7.30,1
1528,6954,2335,16000.00,15164.00,2.20,3
1529,1727,4043,21000.00,35143.00,7.90,3
1530,1586,152,14000.00,6286.00,3.00,1
1531,3993,1465,30000.00,16541.00,7.00,2
1532,9400,2004,46000.00,28937.00,5.80,1
1533,2157,4245,20000.00,29103.00,8.10,1
1534,1605,230,30000.00,12714.00,4.70,3
1535,618,3786,37000.00,40678.00,8.20,3
1536,4046,445,22000.00,45694.00,4.00,3
1537,5477,1749,36000.00,33701.00,5.10,1
1538,9641,771,39000.00,34303.00,4.40,1
1539,1463,2934,36000.00,25866.00,6.10,1
1540,5741,2194,29000.00,40053.00,1.30,2
1541,7782,3220,12000.00,14737.00,7.30,3
1542,4966,1215,18000.00,38985.00,3.40,3
1543,4936,17,46000.00,5963.00,3.50,2
1544,4924,2379,24000.00,32940.00,2.40,3
1545,6267,1017,19000.00,44311.00,3.10,2
1546,4792,885,30000.00,24694.00,2.10,2
1547,8034,4297,12000.00,7127.00,3.30,3
1548,263,2422,30000.00,40947.00,6.80,1
1549,5536,3891,15000.00,10273.00,9.90,1
1550,3649,1533,32000.00,12085.00,3.50,3
1551,4153,2042,12000.00,22314.00,6.20,3
1552,4959,2004,17000.00,10556.00,2.30,1
1553,4532,2720,17000.00,4165.00,5.70,1
1554,3955,390,39000.00,30989.00,1.50,2
1555,3154,4735,47000.00,39284.00,5.60,1
1556,4436,2175,47000.00,42070.00,8.20,2
1557,609,4798,37000.00,9213.00,5.10,1
1558,6349,3788,14000.00,34728.00,9.80,3
1559,1566,1506,15000.00,5800.00,3.00,2
1560,3613,947,30000.00,27932.00,3.60,1
1561,1492,2403,44000.00,46143.00,6.60,1
1562,5742,1357,33000.00,48599.00,4.40,1
1563,3300,3273,44000.00,41095.00,5.40,3
1564,3946,2813,35000.00,32418.00,9.20,3
1565,43,2787,50000.00,21418.00,1.30,3
1566,2466,3346,49000.00,39311.00,5.80,2
1567,59,3271,28000.00,43032.00,5.00,1
1568,5013,3355,31000.00,41774.00,4.60,2
1569,4742,1691,29000.00,12172.00,4.90,2
1570,6726,438,20000.00,33896.00,7.90,1
1571,3934,2941,27000.00,8697.00,3.90,1
1572,6359,3966,48000.00,20887.00,3.40,1
1573,8551,2636,26000.00,28123.00,7.10,3
1574,2754,669,15000.00,15384.00,4.90,1
1575,61,388,38000.00,658.00,8.30,2
1576,8168,2954,18000.00,12557.00,6.90,1
1577,7707,2212,13000.00,48711.00,9.60,1
1578,203,10,33000.00,9358.00,2.10,1
1579,6886,159,11000.00,23764.00,2.50,3
1580,7768,1022,44000.00,31350.00,9.30,1
1581,7461,1322,19000.00,28857.00,9.80,1
1582,6547,1959,49000.00,37303.00,4.60,2
1583,5923,970,27000.00,20394.00,8.40,3
1584,9081,2821,31000.00,36930.00,6.00,3
1585,7397,1397,47000.00,46102.00,6.80,2
1586,3215,2857,31000.00,5414.00,1.70,1
1587,9583,3219,45000.00,29733.00,1.60,2
1588,9158,4442,26000.00,48231.00,8.70,3
1589,8745,3536,21000.00,46827.00,5.40,1
1590,4235,8,46000.00,40193.00,5.30,1
1591,4751,993,46000.00,8791.00,4.50,3
1592,2114,4263,36000.00,42581.00,4.00,1
1593,5583,2318,23000.00,12616.00,2.90,2
1594,1951,1672,37000.00,22864.00,7.70,1
1595,8515,1,44000.00,36674.00,5.70,3
1596,3815,698,43000.00,32846.00,9.70,1
1597,4433,739,38000.00,4896.00,4.80,2
1598,4654,3627,43000.00,888.00,5.60,2
1599,6392,374,43000.00,45881.00,10.00,2
1600,3396,4813,42000.00,13791.00,4.00,3
1601,7781,998,19000.00,26801.00,7.00,3
1602,1699,2195,43000.00,29067.00,8.40,2
1603,1017,4042,10000.00,31889.00,1.60,2
1604,4039,2507,22000.00,29904.00,7.00,3
1605,2111,1773,24000.00,6440.00,4.60,2
1606,5612,1335,43000.00,15548.00,7.30,1
1607,4683,1853,26000.00,19005.00,7.00,3
1608,4473,4546,18000.00,23036.00,8.70,3
1609,1510,4403,40000.00,46946.00,2.80,2
1610,7075,3653,34000.00,26223.00,2.70,3
1611,8288,2227,16000.00,41214.00,8.40,1
1612,2694,3007,11000.00,17398.00,7.10,3
1613,6020,953,37000.00,41868.00,8.90,2
1614,1947,2013,49000.00,4916.00,5.00,1
1615,8796,1184,32000.00,19886.00,6.40,1
1616,4600,1520,44000.00,40498.00,4.10,2
1617,3897,3393,23000.00,42761.00,6.00,2
1618,2797,1580,18000.00,35305.00,9.20,1
1619,3825,1749,33000.00,38624.00,8.90,1
1620,1187,1948,26000.00,2771.00,7.90,2
1621,9950,4579,11000.00,10373.00,4.50,3
1622,1559,3769,21000.00,4687.00,3.20,2
1623,645,87,23000.00,44289.00,9.60,1
1624,5912,4571,10000.00,42929.00,4.50,2
1625,8044,1104,47000.00,40048.00,6.90,3
1626,107,4447,27000.00,35257.00,2.40,2
1627,4915,2520,12000.00,13521.00,8.40,2
1628,726,2241,36000.00,13167.00,4.20,2
1629,4612,2427,37000.00,48305.00,4.70,3
1630,7949,3659,26000.00,6252.00,5.40,3
1631,6041,1191,35000.00,12106.00,7.80,2
1632,5844,3117,39000.00,2618.00,8.80,1
1633,2322,1054,31000.00,7029.00,4.30,1
1634,5514,1689,13000.00,11463.00,5.70,2
1635,699,949,34000.00,44435.00,1.50,3
1636,9179,1673,43000.00,28899.00,2.40,1
1637,438,910,38000.00,37216.00,5.60,1
1638,4965,2340,42000.00,19852.00,2.10,2
1639,3619,1329,25000.00,38757.00,1.30,2
1640,8269,3461,34000.00,4042.00,3.00,1
1641,3876,739,11000.00,48475.00,2.30,2
1642,4208,1997,47000.00,15736.00,7.30,2
1643,5480,3748,14000.00,8652.00,5.30,3
1644,7789,2617,33000.00,136.00,4.90,2
1645,3595,1039,15000.00,20284.00,7.70,1
1646,1434,719,41000.00,38147.00,5.30,2
1647,4564,3399,48000.00,25445.00,9.00,1
1648,7746,1221,39000.00,25265.00,7.40,2
1649,1704,4377,24000.00,5708.00,5.30,2
1650,3788,4773,33000.00,41297.00,1.90,2
1651,7521,3844,20000.00,34376.00,8.60,3
1652,2891,4230,30000.00,32053.00,10.00,2
1653,3965,2020,34000.00,49192.00,2.80,3
1654,7386,3645,39000.00,4518.00,4.80,2
1655,4761,2643,37000.00,20750.00,6.80,2
1656,2862,856,27000.00,44190.00,2.10,2
1657,1194,2011,30000.00,34515.00,6.90,2
1658,7534,123,19000.00,41516.00,3.30,1
1659,8133,2153,44000.00,35670.00,6.10,1
1660,6667,884,34000.00,33953.00,2.80,3
1661,7480,2139,13000.00,12841.00,9.10,3
1662,176,807,28000.00,29986.00,2.40,2
1663,7061,2192,33000.00,24397.00,3.20,3
1664,2997,4034,17000.00,46227.00,6.40,3
1665,591,2742,10000.00,37744.00,4.20,1
1666,9624,1002,45000.00,2816.00,5.60,1
1667,2397,3874,14000.00,21737.00,10.00,2
1668,9641,1564,19000.00,35500.00,9.10,3
1669,2304,2678,21000.00,28073.00,9.80,3
1670,4107,815,40000.00,7211.00,3.90,1
1671,139,4776,11000.00,36236.00,5.40,2
1672,6314,3878,30000.00,14885.00,7.90,2
1673,8685,2554,38000.00,12102.00,9.40,3
1674,1722,152,29000.00,20299.00,7.90,1
1675,2754,2109,12000.00,36997.00,8.20,2
1676,4000,2138,26000.00,22538.00,7.80,2
1677,4198,455,39000.00,25034.00,5.40,1
1678,4602,490,22000.00,42349.00,5.90,2
1679,1840,2603,37000.00,10330.00,6.60,1
1680,1775,4547,46000.00,38219.00,4.90,3
1681,7519,904,43000.00,10302.00,1.30,3
1682,792,3450,15000.00,7055.00,7.00,1
1683,4302,881,44000.00,4490.00,4.50,1
1684,1019,1109,24000.00,31841.00,4.90,1
1685,3135,2658,26000.00,2049.00,1.80,2
1686,1795,742,39000.00,27872.00,2.90,1
1687,5061,1622,28000.00,35882.00,7.90,2
1688,9938,3065,36000.00,5868.00,2.60,3
1689,9051,2693,44000.00,33232.00,8.30,3
1690,5116,3769,49000.00,21393.00,7.40,1
1691,1403,2117,46000.00,38707.00,2.10,2
1692,1443,1437,11000.00,1050.00,5.00,2
1693,7689,917,40000.00,26309.00,1.70,3
1694,9215,3400,49000.00,34433.00,4.50,3
1695,5356,3125,44000.00,44791.00,6.10,1
1696,6300,4301,50000.00,9848.00,6.50,3
1697,1261,1300,18000.00,43936.00,9.40,1
1698,151,1401,21000.00,41278.00,5.60,1
1699,9623,3638,21000.00,41091.00,9.70,3
1700,9631,1185,41000.00,1528.00,1.70,2
1701,7423,858,39000.00,44872.00,2.40,1
1702,9470,2401,32000.00,17484.00,1.40,1
1703,1718,480,24000.00,8227.00,4.00,2
1704,8761,1381,26000.00,44217.00,4.20,3
1705,4191,1329,33000.00,37290.00,1.10,2
1706,7062,1382,27000.00,45310.00,7.00,3
1707,9902,2027,22000.00,43284.00,7.30,3
1708,9535,124,20000.00,17819.00,6.20,2
1709,225,350,43000.00,43824.00,2.60,2
1710,6712,2487,37000.00,12616.00,5.60,3
1711,9698,4365,32000.00,27432.00,7.80,2
1712,1857,327,13000.00,46127.00,4.90,1
1713,5420,991,13000.00,43950.00,7.50,2
1714,4194,3342,22000.00,4247.00,5.30,3
1715,4326,2715,18000.00,1235.00,5.80,1
1716,7788,4184,33000.00,33804.00,1.50,1
1717,6892,349,28000.00,37911.00,7.50,1
1718,1510,1038,31000.00,38653.00,4.10,2
1719,8537,2388,45000.00,15084.00,6.80,3
1720,9958,881,31000.00,17394.00,2.70,2
1721,1390,220,20000.00,13766.00,5.10,2
1722,9276,1586,25000.00,22991.00,1.30,1
1723,5253,709,36000.00,4442.00,9.80,2
1724,3559,3210,19000.00,3424.00,7.00,1
1725,3761,3014,11000.00,42972.00,7.80,2
1726,7213,3873,37000.00,30323.00,8.50,3
1727,943,2111,17000.00,35935.00,9.90,3
1728,2317,983,27000.00,7954.00,1.30,1
1729,106,2430,26000.00,27394.00,2.00,1
1730,2620,2511,15000.00,35538.00,2.70,3
1731,5424,4340,38000.00,7929.00,1.60,3
1732,6653,3229,37000.00,48187.00,4.80,2
1733,5905,2752,36000.00,16088.00,6.50,2
1734,4720,692,33000.00,18467.00,1.50,2
1735,7211,1889,32000.00,17324.00,7.30,1
1736,2964,3897,42000.00,1467.00,3.00,3
1737,7122,968,30000.00,20265.00,1.20,1
1738,3401,2289,45000.00,27159.00,4.90,1
1739,9641,2503,30000.00,22998.00,8.70,3
1740,1353,1631,12000.00,45715.00,6.90,1
1741,8317,2153,47000.00,26495.00,4.70,2
1742,9254,2738,17000.00,6621.00,1.80,2
1743,1653,3618,11000.00,21402.00,8.80,2
1744,3876,4604,30000.00,5446.00,3.50,3
1745,60,2813,37000.00,13669.00,3.90,1
1746,6771,2507,13000.00,16606.00,2.90,1
1747,4698,3107,31000.00,26392.00,9.00,3
1748,6526,3240,10000.00,2359.00,5.00,3
1749,1916,1339,47000.00,46948.00,8.50,3
1750,9485,3323,32000.00,24767.00,5.10,1
1751,6271,4018,42000.00,45344.00,9.70,3
1752,2034,233,15000.00,36087.00,8.00,1
1753,1947,2555,40000.00,47816.00,2.00,2
1754,7095,3619,45000.00,23201.00,3.30,1
1755,559,853,11000.00,23586.00,4.00,3
1756,4267,2708,44000.00,39646.00,7.60,2
1757,9521,4038,49000.00,29072.00,7.40,3
1758,3636,1330,14000.00,10724.00,7.20,1
1759,2394,1202,41000.00,41384.00,9.10,1
1760,7952,1717,43000.00,36315.00,6.60,3
1761,4262,2402,32000.00,22445.00,4.30,1
1762,2146,4216,11000.00,27693.00,7.50,1
1763,9855,4159,34000.00,31608.00,5.10,3
1764,3361,446,31000.00,1716.00,5.00,2
1765,119,3662,34000.00,6016.00,5.00,2
1766,1232,1308,28000.00,35895.00,3.10,3
1767,9730,906,45000.00,17874.00,1.10,2
1768,4171,2227,23000.00,21366.00,8.50,2
1769,4737,3620,25000.00,36260.00,8.50,2
1770,5149,196,37000.00,37658.00,1.90,3
1771,8477,3429,17000.00,15635.00,1.20,1
1772,7793,2752,13000.00,37536.00,7.40,1
1773,2433,2339,41000.00,46529.00,2.80,1
1774,9760,108,33000.00,36375.00,1.40,3
1775,8451,585,22000.00,10489.00,7.20,2
1776,7429,2902,37000.00,5141.00,4.50,3
1777,1721,3497,27000.00,3994.00,9.20,2
1778,2631,376,46000.00,45709.00,5.70,3
1779,573,3510,44000.00,1350.00,3.50,1
1780,41,418,50000.00,33360.00,6.30,2
1781,8971,4045,19000.00,27666.00,1.40,3
1782,9453,3158,49000.00,26488.00,1.50,2
1783,6564,2629,32000.00,27126.00,7.30,3
1784,3985,3992,16000.00,37014.00,3.10,1